sr_no,name,unit_no,company,sector,age_yr,gcv_kcal_per_kg,gcv_range,fuel,capacity_mw,ef_t_per_mwh,plf_pct,shr_kcal_per_kwh,efficiency_pct,aux_pct,net_gen_gwh,co2_mt,coal_source,fuel_price_rs_per_gcal,vc_fuel_rs_per_kwh,variable_cost_rs_per_kwh,grid_region
382.0,Melamaruthur (Muthiara),1.0,Coastal Energen,Private,9.7,4158.0,"(4000, 4500)",Coal,600.0,1.18,2.3,3263.9,26.3,18.4,122.6,0.14,imported,1700.0,5.54863,5.74863,Unallocated
146.0,Barauni,3.0,BSEB,State,41.3,3484.5,"(3000, 3500)",Coal,105.0,0.98,4.3,2583.1,33.3,9.6,39.7,0.04,domestic,850.0,2.195635,2.395635,ER
451.0,Durgapur,2.0,DVC,Centre,42.7,2865.0,"(2000, 3000)",Coal,210.0,1.58,5.9,4145.3,20.7,19.0,109.4,0.17,domestic,850.0,3.523505,3.723505,ER
439.0,Ghtp (Leh.Moh.),2.0,PSEB,State,25.8,4206.0,"(4000, 4500)",Coal,210.0,1.37,6.4,3600.1,23.9,18.1,118.0,0.16,domestic,850.0,3.060085,3.260085,NR
4.0,Mundra TPP,2.0,Adani Power Ltd,Private,14.4,4089.0,"(4000, 4500)",Coal,330.0,0.87,10.3,2427.4,35.4,8.5,298.4,0.26,imported,1700.0,4.12658,4.32658,Unallocated
83.0,Itpcl TPP,2.0,IL&FS TN Power Corp Ltd,Private,8.3,3965.0,"(3500, 4000)",Coal,600.0,0.96,10.8,2691.6,31.9,10.1,567.5,0.55,imported,1700.0,4.57572,4.77572,Unallocated
296.0,Raichur,1.0,KPCL,State,39.4,3213.0,"(3000, 3500)",Coal,210.0,1.07,11.4,2815.6,30.5,11.3,209.8,0.23,domestic,850.0,2.39326,2.5932600000000003,SR
35.0,Udupi TPP,2.0,Upcl,Private,13.3,5142.0,"(5000, 6000)",Coal,600.0,0.94,11.6,2628.4,32.7,10.0,611.7,0.57,imported,1700.0,4.46828,4.66828,SR
5.0,Mundra TPP,1.0,Adani Power Ltd,Private,15.0,4089.0,"(4000, 4500)",Coal,330.0,0.87,12.5,2426.6,35.4,8.5,361.0,0.31,imported,1700.0,4.12522,4.32522,Unallocated
37.0,Udupi TPP,1.0,Upcl,Private,14.0,5131.0,"(5000, 6000)",Coal,600.0,0.94,12.5,2633.5,32.6,10.1,657.8,0.62,imported,1700.0,4.47695,4.676950000000001,SR
340.0,Binjkote,1.0,Sks Power Generation,Private,6.4,3199.0,"(3000, 3500)",Coal,300.0,1.11,13.7,2915.2,29.5,12.6,360.5,0.4,domestic,850.0,2.47792,2.6779200000000003,Unallocated
24.0,Salaya TPP,1.0,Essar Energy Ltd,Private,12.5,5291.0,"(5000, 6000)",Coal,600.0,0.93,15.4,2603.3,33.0,7.0,807.2,0.75,imported,1700.0,4.42561,4.62561,Unallocated
434.0,Niwari TPP,1.0,BLA Power Ltd,Private,10.7,2760.0,"(2000, 3000)",Coal,45.0,1.31,15.5,3456.9,24.9,12.8,60.9,0.08,domestic,850.0,2.938365,3.1383650000000003,Unallocated
14.0,Mundra TPP,3.0,Adani Power Ltd,Private,14.0,4089.0,"(4000, 4500)",Coal,330.0,0.92,16.1,2583.3,33.3,8.5,466.5,0.43,imported,1700.0,4.39161,4.59161,Unallocated
8.0,Torangallu Ext,2.0,JSW Energy Ltd,Private,15.0,5272.3,"(5000, 6000)",Coal,300.0,0.9,16.7,2525.1,34.1,9.1,439.1,0.4,imported,1700.0,4.29267,4.49267,Unallocated
17.0,Mundra TPP,4.0,Adani Power Ltd,Private,13.6,4089.0,"(4000, 4500)",Coal,330.0,0.93,18.2,2589.7,33.2,8.5,526.7,0.49,imported,1700.0,4.40249,4.60249,Unallocated
68.0,Tuticorin JV Stage- IV,1.0,SEPC,Private,2.7,4788.7,"(4500, 5000)",Coal,525.0,0.95,18.7,2639.9,32.6,6.6,861.9,0.82,domestic,850.0,2.243915,2.443915,Unallocated
217.0,Uchpinda TPP,4.0,Rkm Powergen Private Ltd.,Private,5.4,3044.0,"(3000, 3500)",Coal,360.0,1.02,20.1,2694.3,31.9,10.1,633.9,0.65,domestic,850.0,2.290155,2.490155,Unallocated
452.0,Bhavnagar TPP,2.0,BECL,State,7.4,2758.0,"(2000, 3000)",Lignite,250.0,1.59,20.7,3756.5,22.9,20.9,453.0,0.72,lignite,500.0,1.87825,2.07825,Unallocated
54.0,Salaya TPP,2.0,Essar Energy Ltd,Private,12.1,5060.0,"(5000, 6000)",Coal,600.0,0.95,21.0,2650.0,32.4,7.0,1104.8,1.05,imported,1700.0,4.505,4.705,Unallocated
307.0,Chhabra Tps,4.0,RRVUNL,State,10.1,3612.7,"(3500, 4000)",Coal,250.0,1.08,22.6,2831.7,30.4,11.7,495.5,0.53,domestic,850.0,2.406945,2.606945,NR
31.0,JSW Ratnagiri TPP,1.0,JSW Energy,Private,14.0,5300.0,"(5000, 6000)",Coal,300.0,0.94,23.5,2622.0,32.8,8.6,617.8,0.58,imported,1700.0,4.4574,4.6574,Unallocated
354.0,Wanakbori,4.0,GSECL,State,38.4,3799.1,"(3500, 4000)",Coal,210.0,1.14,23.8,2995.0,28.7,10.1,437.0,0.5,domestic,850.0,2.54575,2.74575,WR
418.0,Khamberkhera Ipp,2.0,Bajaj Energy Private,Private,12.7,3496.0,"(3000, 3500)",Coal,45.0,1.22,25.8,3213.1,26.8,9.7,101.5,0.12,domestic,850.0,2.731135,2.9311350000000003,NR
314.0,Raichur,2.0,KPCL,State,38.4,3138.4,"(3000, 3500)",Coal,210.0,1.09,26.5,2816.8,30.5,11.3,488.2,0.53,domestic,850.0,2.39428,2.5942800000000004,SR
450.0,Bhavnagar TPP,1.0,BECL,State,8.2,2773.0,"(2000, 3000)",Lignite,250.0,1.58,27.7,3723.2,23.1,20.9,607.0,0.96,lignite,500.0,1.8616,2.0616,Unallocated
279.0,Sikka Extn,4.0,GSECL,State,8.9,4988.0,"(4500, 5000)",Coal,250.0,1.06,28.2,2942.7,29.2,31.1,617.0,0.65,imported,1700.0,5.00259,5.20259,WR
431.0,Neyveli Tps Exp -Ii,2.0,NLC,Centre,9.5,2587.0,"(2000, 3000)",Lignite,250.0,1.3,28.4,3054.5,28.2,16.8,622.8,0.81,lignite,500.0,1.52725,1.72725,SR
239.0,Kota,3.0,RRVUNL,State,35.9,3481.4,"(3000, 3500)",Coal,210.0,1.04,28.6,2729.3,31.5,13.0,526.8,0.55,domestic,850.0,2.319905,2.519905,NR
272.0,Balco TPP,2.0,Balco India Private Ltd.,Private,8.4,3532.9,"(3500, 4000)",Coal,300.0,1.06,28.7,2792.1,30.8,6.8,753.0,0.8,domestic,850.0,2.373285,2.5732850000000003,Unallocated
33.0,ITPCL TPP,1.0,IL&FS TN Power Corp Ltd,Private,8.9,4015.0,"(4000, 4500)",Coal,600.0,0.94,29.2,2623.9,32.8,8.2,1535.0,1.44,imported,1700.0,4.46063,4.66063,Unallocated
326.0,D.P.L.,7.0,Dpl,State,16.7,3872.0,"(3500, 4000)",Coal,300.0,1.1,29.2,2887.6,29.8,10.8,767.0,0.84,domestic,850.0,2.45446,2.6544600000000003,ER
186.0,"Iepl ,Bela TPP",1.0,Iepl,Private,11.4,3551.0,"(3500, 4000)",Coal,270.0,1.0,29.3,2621.4,32.8,8.8,692.3,0.69,domestic,850.0,2.22819,2.4281900000000003,Unallocated
447.0,Akrimota Lig,1.0,GMDCL,State,19.4,3293.7,"(3000, 3500)",Lignite,125.0,1.51,30.0,3589.1,24.0,19.8,328.0,0.5,lignite,500.0,1.79455,1.99455,WR
448.0,Akrimota Lig,2.0,GMDCL,State,18.6,3264.1,"(3000, 3500)",Lignite,125.0,1.56,30.1,3700.6,23.2,20.0,330.0,0.52,lignite,500.0,1.8503,2.0503,WR
233.0,Suratgarh,1.0,RRVUNL,State,26.2,3347.0,"(3000, 3500)",Coal,250.0,1.03,30.5,2711.7,31.7,10.4,668.0,0.69,domestic,850.0,2.304945,2.504945,NR
403.0,Kundarki TPP,2.0,Bajaj Energy Private,Private,12.4,3475.0,"(3000, 3500)",Coal,45.0,1.21,31.3,3185.8,27.0,9.3,123.5,0.15,domestic,850.0,2.70793,2.9079300000000003,NR
268.0,Mahan TPP,1.0,Bpscl,Private,11.4,3623.7,"(3500, 4000)",Coal,600.0,1.05,31.7,2782.1,30.9,7.8,1663.8,1.75,domestic,850.0,2.364785,2.564785,ER
406.0,Utraula TPP,1.0,Bajaj Energy Private,Private,12.5,3432.0,"(3000, 3500)",Coal,45.0,1.21,31.9,3195.2,26.9,9.3,125.6,0.15,domestic,850.0,2.71592,2.9159200000000003,NR
409.0,Maqsoodpur Ipp,1.0,Bajaj Energy Private,Private,12.8,3546.0,"(3500, 4000)",Coal,45.0,1.22,32.0,3208.0,26.8,6.5,126.0,0.15,domestic,850.0,2.7268,2.9268,NR
375.0,Chandrapur_Coal,7.0,MAHAGENCO,State,26.8,2972.0,"(2000, 3000)",Coal,500.0,1.16,32.1,3028.1,28.4,12.6,1404.9,1.64,domestic,850.0,2.573885,2.7738850000000004,WR
282.0,Suratgarh,3.0,RRVUNL,State,22.8,3268.0,"(3000, 3500)",Coal,250.0,1.06,32.4,2768.5,31.1,11.7,709.8,0.75,domestic,850.0,2.353225,2.5532250000000003,NR
411.0,Barkhera TPP,2.0,Bajaj Energy Private,Private,12.5,3441.0,"(3000, 3500)",Coal,45.0,1.22,32.9,3209.0,26.8,9.6,129.5,0.16,domestic,850.0,2.72765,2.9276500000000003,NR
453.0,Bhusawal,3.0,MAHAGENCO,State,42.3,3506.3,"(3500, 4000)",Coal,210.0,1.66,32.9,4351.1,19.8,15.4,606.0,1.0,domestic,850.0,3.698435,3.898435000000001,WR
405.0,Utraula TPP,2.0,Bajaj Energy Private,Private,12.4,3432.0,"(3000, 3500)",Coal,45.0,1.21,33.2,3195.2,26.9,9.3,130.8,0.16,domestic,850.0,2.71592,2.9159200000000003,NR
429.0,Wanakbori,1.0,GSECL,State,42.4,3603.2,"(3500, 4000)",Coal,210.0,1.27,33.4,3213.5,26.8,11.9,614.0,0.78,domestic,850.0,2.731475,2.9314750000000003,WR
410.0,Barkhera TPP,1.0,Bajaj Energy Private,Private,12.8,3441.0,"(3000, 3500)",Coal,45.0,1.22,33.8,3209.1,26.8,9.6,133.3,0.16,domestic,850.0,2.727735,2.927735,NR
344.0,Obra-A,13.0,UPRVUNL,State,42.0,3430.0,"(3000, 3500)",Coal,200.0,1.11,34.2,2904.1,29.6,8.8,600.0,0.67,domestic,850.0,2.468485,2.668485,NR
416.0,Khamberkhera Ipp,1.0,Bajaj Energy Private,Private,13.0,3496.0,"(3000, 3500)",Coal,45.0,1.22,34.3,3213.1,26.8,9.7,135.3,0.16,domestic,850.0,2.731135,2.9311350000000003,NR
256.0,Mahan TPP,2.0,Bpscl,Private,5.8,3622.2,"(3500, 4000)",Coal,600.0,1.05,34.7,2765.4,31.1,7.8,1825.4,1.91,domestic,850.0,2.35059,2.55059,ER
455.0,Kutch Lignite,4.0,GSECL,State,14.6,2303.0,"(2000, 3000)",Lignite,75.0,2.0,34.9,4696.5,18.3,23.7,229.0,0.46,lignite,500.0,2.34825,2.5482500000000003,WR
417.0,Maqsoodpur Ipp,2.0,Bajaj Energy Private,Private,12.5,3546.0,"(3500, 4000)",Coal,45.0,1.22,35.0,3213.3,26.8,6.5,137.9,0.17,domestic,850.0,2.731305,2.931305,NR
228.0,Sikka Extn,3.0,GSECL,State,9.4,5011.0,"(5000, 6000)",Coal,250.0,1.03,35.5,2866.2,30.0,10.4,778.0,0.8,imported,1700.0,4.87254,5.07254,WR
338.0,Nawapara,2.0,Trn Energy,Private,7.3,3099.0,"(3000, 3500)",Coal,300.0,1.11,35.5,2904.3,29.6,10.4,932.4,1.03,domestic,850.0,2.468655,2.668655,Unallocated
414.0,Ropar,5.0,PSEB,State,32.4,3867.4,"(3500, 4000)",Coal,210.0,1.22,35.7,3192.2,26.9,9.6,656.7,0.8,domestic,850.0,2.71337,2.91337,NR
424.0,Wanakbori,2.0,GSECL,State,41.6,3648.5,"(3500, 4000)",Coal,210.0,1.24,35.7,3142.0,27.4,10.6,657.0,0.82,domestic,850.0,2.6707,2.8707000000000003,WR
258.0,Binjkote,2.0,Sks Power Generation,Private,7.3,3297.0,"(3000, 3500)",Coal,300.0,1.05,36.0,2762.7,31.1,10.7,946.1,0.99,domestic,850.0,2.348295,2.548295,Unallocated
391.0,Nashik,3.0,MAHAGENCO,State,45.4,2792.0,"(2000, 3000)",Coal,210.0,1.2,38.2,3105.8,27.7,12.6,703.0,0.84,domestic,850.0,2.63993,2.8399300000000003,WR
304.0,North Chennai Extension,1.0,TNEB,State,11.4,3085.1,"(3000, 3500)",Coal,600.0,1.08,38.7,2844.2,30.2,8.9,2033.4,2.19,domestic,850.0,2.41757,2.61757,SR
223.0,Melamaruthur (Muthiara),2.0,Coastal Energen,Private,8.6,3990.0,"(3500, 4000)",Coal,600.0,1.03,39.0,2871.6,29.9,6.9,2048.2,2.11,imported,1700.0,4.88172,5.08172,Unallocated
355.0,Goindwal Sahib TPP,2.0,GVK Power Ltd.,Private,8.5,3722.9,"(3500, 4000)",Coal,270.0,1.14,40.0,2988.7,28.8,9.8,946.9,1.08,domestic,850.0,2.540395,2.7403950000000004,SR
365.0,Ukai_Coal,3.0,GSECL,State,45.5,3516.0,"(3500, 4000)",Coal,200.0,1.15,40.4,2865.4,30.0,10.6,708.0,0.81,domestic,850.0,2.43559,2.63559,WR
401.0,Nashik,5.0,MAHAGENCO,State,43.5,2800.0,"(2000, 3000)",Coal,210.0,1.21,40.4,3165.1,27.2,13.0,744.0,0.9,domestic,850.0,2.690335,2.8903350000000003,WR
290.0,Raichur,7.0,KPCL,State,21.7,3099.5,"(3000, 3500)",Coal,210.0,1.07,40.8,2803.8,30.7,11.3,751.3,0.8,domestic,850.0,2.38323,2.5832300000000004,SR
351.0,Rayal Seema,2.0,APGENCO,State,29.4,3238.0,"(3000, 3500)",Coal,210.0,1.13,40.9,2956.6,29.1,13.2,752.1,0.85,domestic,850.0,2.51311,2.7131100000000004,SR
270.0,Suratgarh,2.0,RRVUNL,State,24.4,3277.0,"(3000, 3500)",Coal,250.0,1.06,41.2,2770.6,31.0,10.5,901.4,0.95,domestic,850.0,2.35501,2.55501,NR
374.0,Kasaipalli,1.0,Acb India Ltd,Private,12.6,2643.0,"(2000, 3000)",Coal,135.0,1.16,41.3,3060.9,28.1,12.4,488.7,0.57,domestic,850.0,2.601765,2.801765,Unallocated
389.0,Nashik,4.0,MAHAGENCO,State,44.1,2842.0,"(2000, 3000)",Coal,210.0,1.19,41.4,3121.7,27.5,12.4,762.0,0.91,domestic,850.0,2.653445,2.853445,WR
319.0,Goindwal Sahib TPP,1.0,GVK Power Ltd.,Private,8.4,3722.9,"(3500, 4000)",Coal,270.0,1.09,41.7,2876.7,29.9,9.6,986.1,1.08,domestic,850.0,2.445195,2.645195,SR
265.0,H_Ganj B,9.0,UPRVUNL,State,12.2,3483.0,"(3000, 3500)",Coal,250.0,1.05,41.8,2771.2,31.0,9.7,915.0,0.96,domestic,850.0,2.35552,2.55552,NR
295.0,Raichur,6.0,KPCL,State,25.0,3115.3,"(3000, 3500)",Coal,210.0,1.07,41.8,2810.4,30.6,11.3,769.0,0.83,domestic,850.0,2.38884,2.5888400000000003,SR
301.0,Marwa TPP,2.0,Cspgcl,State,8.4,3472.0,"(3000, 3500)",Coal,500.0,1.08,42.0,2835.7,30.3,6.6,1839.0,1.98,domestic,850.0,2.410345,2.610345,WR
402.0,Kundarki TPP,1.0,Bajaj Energy Private,Private,12.6,3475.0,"(3000, 3500)",Coal,45.0,1.21,42.1,3185.8,27.0,9.3,166.1,0.2,domestic,850.0,2.70793,2.9079300000000003,NR
377.0,Bellary Tps,2.0,KPCL,State,12.4,3676.7,"(3500, 4000)",Coal,500.0,1.17,42.4,3078.9,27.9,7.2,1856.0,2.17,domestic,850.0,2.617065,2.8170650000000004,SR
407.0,R_Gundem - B,1.0,TSGENCO,State,54.2,3664.0,"(3500, 4000)",Coal,62.5,1.21,42.4,3168.4,27.1,14.4,232.2,0.28,domestic,850.0,2.69314,2.8931400000000003,SR
371.0,Kasaipalli,2.0,Acb India Ltd,Private,12.1,2643.0,"(2000, 3000)",Coal,135.0,1.16,43.4,3043.1,28.3,11.9,512.7,0.59,domestic,850.0,2.586635,2.786635,Unallocated
120.0,Raghunathpur TPP Ph-I,1.0,DVC,Centre,10.0,3651.6,"(3500, 4000)",Coal,600.0,0.98,43.6,2575.6,33.4,6.8,2293.0,2.24,domestic,850.0,2.18926,2.38926,ER
412.0,Ropar,3.0,PSEB,State,36.4,3867.4,"(3500, 4000)",Coal,210.0,1.22,43.6,3192.2,26.9,9.6,801.4,0.98,domestic,850.0,2.71337,2.91337,NR
329.0,Unchahar,1.0,NTPC,Centre,35.7,3796.4,"(3500, 4000)",Coal,210.0,1.1,43.7,2912.6,29.5,10.4,803.8,0.88,domestic,850.0,2.47571,2.67571,Unallocated
273.0,Wardha Warora (Sai Wardha Power),1.0,Sai Wardha Power Ltd.,Private,14.3,3710.2,"(3500, 4000)",Coal,135.0,1.06,44.0,2787.8,30.8,10.1,520.4,0.55,domestic,850.0,2.36963,2.56963,WR
245.0,R_Gundem Stps,2.0,NTPC,Centre,40.2,3540.8,"(3500, 4000)",Coal,200.0,1.04,44.4,2720.8,31.6,11.2,778.6,0.81,domestic,850.0,2.31268,2.51268,Unallocated
387.0,Ukai_Coal,5.0,GSECL,State,39.5,3549.0,"(3500, 4000)",Coal,210.0,1.18,44.4,3013.2,28.5,10.8,816.0,0.97,domestic,850.0,2.56122,2.76122,WR
415.0,Ropar,4.0,PSEB,State,35.5,3867.4,"(3500, 4000)",Coal,210.0,1.22,44.6,3192.3,26.9,9.6,820.7,1.0,domestic,850.0,2.713455,2.9134550000000004,NR
216.0,Uchpinda TPP,2.0,Rkm Powergen Private Ltd.,Private,8.5,3044.0,"(3000, 3500)",Coal,360.0,1.02,44.7,2691.4,31.9,10.1,1408.4,1.44,domestic,850.0,2.28769,2.48769,Unallocated
343.0,Parli,8.0,MAHAGENCO,State,8.4,3228.0,"(3000, 3500)",Coal,250.0,1.11,44.7,2878.5,29.9,13.6,979.0,1.09,domestic,850.0,2.446725,2.646725,WR
297.0,Raichur,5.0,KPCL,State,25.5,3122.8,"(3000, 3500)",Coal,210.0,1.08,44.9,2803.5,30.7,11.3,825.7,0.89,domestic,850.0,2.382975,2.582975,SR
422.0,Bellary Tps,1.0,KPCL,State,16.7,3651.5,"(3500, 4000)",Coal,500.0,1.24,45.2,3251.7,26.4,8.0,1980.0,2.45,domestic,850.0,2.763945,2.9639450000000003,SR
160.0,Anpara,4.0,UPRVUNL,State,30.6,3611.0,"(3500, 4000)",Coal,500.0,0.99,45.3,2605.1,33.0,8.5,1984.3,1.96,domestic,850.0,2.214335,2.4143350000000003,NR
300.0,Raichur,4.0,KPCL,State,29.9,3126.7,"(3000, 3500)",Coal,210.0,1.08,45.3,2806.9,30.6,11.3,834.2,0.9,domestic,850.0,2.385865,2.585865,SR
446.0,Neyveli St Ii,2.0,NLC,Centre,37.5,2556.0,"(2000, 3000)",Lignite,210.0,1.45,45.5,3442.5,25.0,11.1,836.6,1.22,lignite,500.0,1.72125,1.92125,SR
353.0,Chandrapur_Coal,5.0,MAHAGENCO,State,33.4,3033.6,"(3000, 3500)",Coal,500.0,1.13,45.7,2982.5,28.8,11.4,2002.9,2.27,domestic,850.0,2.535125,2.735125,WR
315.0,Wanakbori,3.0,GSECL,State,40.4,3630.4,"(3500, 4000)",Coal,210.0,1.09,46.0,2747.9,31.3,9.8,847.0,0.92,domestic,850.0,2.335715,2.535715,WR
437.0,K_Kheda Ii,1.0,MAHAGENCO,State,35.4,3382.5,"(3000, 3500)",Coal,210.0,1.35,46.2,3513.8,24.5,12.4,850.0,1.15,domestic,850.0,2.98673,3.1867300000000003,WR
294.0,Raichur,8.0,KPCL,State,14.1,2942.8,"(2000, 3000)",Coal,250.0,1.07,46.3,2805.0,30.7,11.3,1013.6,1.09,domestic,850.0,2.38425,2.5842500000000004,SR
454.0,Kutch Lignite,3.0,GSECL,State,27.3,2247.0,"(2000, 3000)",Lignite,75.0,1.75,47.0,4035.9,21.3,14.2,309.0,0.54,lignite,500.0,2.01795,2.21795,WR
379.0,Southern Repl.,2.0,CESC,Private,33.3,4677.0,"(4500, 5000)",Coal,67.5,1.17,47.3,3078.6,27.9,8.5,279.8,0.33,domestic,850.0,2.61681,2.8168100000000003,ER
129.0,Vizag TPP,2.0,Hinduja National Power Corp Ltd,Private,8.4,3010.0,"(3000, 3500)",Coal,520.0,0.98,47.4,2579.1,33.3,6.2,2158.5,2.11,domestic,850.0,2.192235,2.3922350000000003,Unallocated
428.0,Neyveli Tps Exp -Ii,1.0,NLC,Centre,12.5,2587.0,"(2000, 3000)",Lignite,250.0,1.27,47.5,2995.2,28.7,15.0,1041.0,1.32,lignite,500.0,1.4976,1.6976,SR
364.0,Chandrapur_Coal,4.0,MAHAGENCO,State,38.4,3069.9,"(3000, 3500)",Coal,210.0,1.14,47.8,2989.8,28.8,11.2,880.1,1.01,domestic,850.0,2.54133,2.74133,WR
235.0,Bhadradri TPP,3.0,TSGENCO,State,3.4,3450.0,"(3000, 3500)",Coal,270.0,1.04,47.9,2696.1,31.9,9.1,1133.5,1.18,domestic,850.0,2.291685,2.4916850000000004,SR
388.0,Ghtp (Leh.Moh.),3.0,PSEB,State,16.6,4258.1,"(4000, 4500)",Coal,250.0,1.19,48.6,3126.6,27.5,8.7,1065.0,1.26,domestic,850.0,2.65761,2.85761,NR
236.0,Bhadradri TPP,4.0,TSGENCO,State,2.6,3450.0,"(3000, 3500)",Coal,270.0,1.04,49.0,2696.1,31.9,9.1,1159.6,1.2,domestic,850.0,2.291685,2.4916850000000004,SR
366.0,Surat Lignite,1.0,Gipcl,Private,24.6,2631.3,"(2000, 3000)",Lignite,125.0,1.15,49.0,3111.5,27.6,13.8,537.0,0.62,lignite,500.0,1.55575,1.75575,WR
435.0,K_Kheda Ii,2.0,MAHAGENCO,State,34.6,3403.5,"(3000, 3500)",Coal,210.0,1.32,49.1,3441.2,25.0,10.9,903.0,1.19,domestic,850.0,2.92502,3.12502,WR
218.0,Suratgarh,5.0,RRVUNL,State,21.1,3305.0,"(3000, 3500)",Coal,250.0,1.02,49.2,2675.1,32.1,9.5,1078.1,1.11,domestic,850.0,2.273835,2.473835,NR
11.0,Tamnar TPP,3.0,OP Jindal,Private,10.4,2927.8,"(2000, 3000)",Coal,600.0,0.92,49.3,2424.2,35.5,5.3,2591.7,2.38,domestic,850.0,2.06057,2.26057,Unallocated
404.0,North Chennai,3.0,TNEB,State,28.4,3116.0,"(3000, 3500)",Coal,210.0,1.21,49.4,3125.0,27.5,9.8,909.6,1.1,domestic,850.0,2.65625,2.85625,SR
436.0,Ratija TPP,1.0,Scpl Ltd,Private,11.5,2175.6,"(2000, 3000)",Coal,50.0,1.35,49.6,3549.3,24.2,16.0,217.3,0.29,domestic,850.0,3.016905,3.216905,Unallocated
413.0,Ropar,6.0,PSEB,State,31.4,3867.4,"(3500, 4000)",Coal,210.0,1.22,49.7,3192.2,26.9,9.6,914.9,1.11,domestic,850.0,2.71337,2.91337,NR
400.0,North Chennai,1.0,TNEB,State,29.8,3120.8,"(3000, 3500)",Coal,210.0,1.2,50.0,3100.1,27.7,10.4,920.5,1.11,domestic,850.0,2.635085,2.8350850000000003,SR
238.0,Bhadradri TPP,2.0,TSGENCO,State,3.7,3450.0,"(3000, 3500)",Coal,270.0,1.04,50.1,2696.1,31.9,9.1,1185.6,1.23,domestic,850.0,2.291685,2.4916850000000004,SR
241.0,Paricha,4.0,UPRVUNL,State,17.6,3401.0,"(3000, 3500)",Coal,210.0,1.04,50.1,2729.7,31.5,10.3,922.0,0.96,domestic,850.0,2.320245,2.520245,NR
117.0,Farakka Stps,5.0,NTPC,Centre,30.5,3926.3,"(3500, 4000)",Coal,500.0,0.97,50.3,2568.1,33.5,7.6,2203.7,2.15,domestic,850.0,2.182885,2.3828850000000004,Unallocated
274.0,Wardha Warora (Sai Wardha Power),2.0,Sai Wardha Power Ltd.,Private,14.2,3710.2,"(3500, 4000)",Coal,135.0,1.06,50.3,2787.8,30.8,10.1,595.3,0.63,domestic,850.0,2.36963,2.56963,WR
288.0,Kalisindh,2.0,RRVUNL,State,9.2,3865.6,"(3500, 4000)",Coal,600.0,1.07,50.5,2817.5,30.5,6.6,2654.9,2.84,domestic,850.0,2.394875,2.594875,NR
368.0,Chandrapur_Coal,3.0,MAHAGENCO,State,39.3,3100.2,"(3000, 3500)",Coal,210.0,1.15,50.5,3009.9,28.6,11.9,929.4,1.07,domestic,850.0,2.558415,2.7584150000000003,WR
433.0,K_Kheda Ii,4.0,MAHAGENCO,State,23.6,3429.2,"(3000, 3500)",Coal,210.0,1.3,50.8,3410.8,25.2,11.3,934.0,1.22,domestic,850.0,2.89918,3.09918,WR
285.0,Unchahar,2.0,NTPC,Centre,35.4,3831.3,"(3500, 4000)",Coal,210.0,1.07,50.9,2837.1,30.3,10.3,936.2,1.0,domestic,850.0,2.411535,2.6115350000000004,Unallocated
327.0,Tuticorin,2.0,TNEB,State,43.6,2840.0,"(2000, 3000)",Coal,210.0,1.1,51.0,2864.7,30.0,8.7,938.3,1.03,domestic,850.0,2.434995,2.634995,SR
376.0,Southern Repl.,1.0,CESC,Private,34.0,4677.0,"(4500, 5000)",Coal,67.5,1.17,51.0,3075.5,28.0,8.5,301.6,0.35,domestic,850.0,2.614175,2.814175,ER
425.0,Neyveli Tps(Z),1.0,Taqa,Private,21.8,2815.9,"(2000, 3000)",Lignite,250.0,1.25,51.1,2966.1,29.0,8.0,1119.5,1.4,lignite,500.0,1.48305,1.68305,Unallocated
232.0,Uchpinda TPP,1.0,Rkm Powergen Private Ltd.,Private,8.8,3044.0,"(3000, 3500)",Coal,360.0,1.03,51.3,2721.9,31.6,10.1,1617.5,1.67,domestic,850.0,2.313615,2.513615,Unallocated
292.0,Raichur,3.0,KPCL,State,33.4,3097.3,"(3000, 3500)",Coal,210.0,1.07,51.4,2802.1,30.7,11.3,945.3,1.01,domestic,850.0,2.381785,2.581785,SR
345.0,Gandhi Nagar,4.0,GSECL,State,33.0,3667.0,"(3500, 4000)",Coal,210.0,1.12,51.6,2876.4,29.9,11.5,949.0,1.06,domestic,850.0,2.44494,2.64494,WR
254.0,H_Ganj B,8.0,UPRVUNL,State,12.9,3483.0,"(3000, 3500)",Coal,250.0,1.04,51.7,2750.7,31.3,8.9,1132.0,1.18,domestic,850.0,2.338095,2.538095,NR
322.0,Marwa TPP,1.0,Cspgcl,State,10.4,3472.0,"(3000, 3500)",Coal,500.0,1.1,51.7,2887.7,29.8,6.0,2264.0,2.48,domestic,850.0,2.454545,2.654545,WR
341.0,Chandrapur_Coal,6.0,MAHAGENCO,State,32.4,3050.8,"(3000, 3500)",Coal,500.0,1.11,51.7,2914.9,29.5,9.5,2263.5,2.51,domestic,850.0,2.477665,2.677665,WR
109.0,R_Gundem Stps,1.0,NTPC,Centre,40.7,3489.1,"(3000, 3500)",Coal,200.0,0.97,51.8,2548.0,33.7,10.5,906.8,0.88,domestic,850.0,2.1658,2.3658,Unallocated
224.0,Anpara,3.0,UPRVUNL,State,35.3,3216.0,"(3000, 3500)",Coal,210.0,1.03,52.0,2708.1,31.8,10.3,957.0,0.98,domestic,850.0,2.301885,2.501885,NR
130.0,Vizag TPP,1.0,Hinduja National Power Corp Ltd,Private,8.6,3115.0,"(3000, 3500)",Coal,520.0,0.98,52.1,2579.4,33.3,6.5,2373.2,2.32,domestic,850.0,2.19249,2.39249,Unallocated
444.0,Neyveli St Ii,1.0,NLC,Centre,36.6,2556.0,"(2000, 3000)",Lignite,210.0,1.45,52.1,3435.4,25.0,11.7,958.4,1.39,lignite,500.0,1.7177,1.9177,SR
280.0,Bandakhar TPP,1.0,Maruti Clean Coal Ch. Ltd,Private,9.1,3485.0,"(3000, 3500)",Coal,300.0,1.06,52.5,2790.0,30.8,8.9,1379.0,1.46,domestic,850.0,2.3715,2.5715000000000003,Unallocated
141.0,Raigarh TPP(OP Jindal Tps),4.0,JSW Energy,Private,16.1,2891.4,"(2000, 3000)",Coal,250.0,0.98,52.6,2589.6,33.2,10.3,1152.1,1.13,domestic,850.0,2.20116,2.40116,Unallocated
328.0,Tuticorin,5.0,TNEB,State,33.4,2835.0,"(2000, 3000)",Coal,210.0,1.1,52.6,2871.9,29.9,9.9,966.9,1.06,domestic,850.0,2.441115,2.641115,SR
150.0,Mettur Tps Ext,1.0,TNEB,State,11.8,3072.5,"(3000, 3500)",Coal,600.0,0.98,52.7,2617.6,32.8,7.7,2770.3,2.73,domestic,850.0,2.22496,2.42496,SR
152.0,Indra Gandhi STPP,2.0,NTPC/Apcpl JV,Centre,12.8,3772.7,"(3500, 4000)",Coal,500.0,0.98,53.0,2592.0,33.2,6.1,2321.0,2.29,domestic,850.0,2.2032,2.4032,Unallocated
234.0,Mejia,2.0,DVC,Centre,27.4,3430.8,"(3000, 3500)",Coal,210.0,1.04,53.1,2717.3,31.6,11.4,977.5,1.01,domestic,850.0,2.309705,2.5097050000000003,ER
240.0,Nawapara,1.0,Trn Energy,Private,8.0,3097.0,"(3000, 3500)",Coal,300.0,1.04,53.3,2731.6,31.5,9.5,1401.1,1.45,domestic,850.0,2.32186,2.52186,Unallocated
275.0,Wardha Warora (Sai Wardha Power),3.0,Sai Wardha Power Ltd.,Private,13.8,3710.2,"(3500, 4000)",Coal,135.0,1.06,53.3,2787.8,30.8,10.1,630.1,0.67,domestic,850.0,2.36963,2.56963,WR
310.0,Parli,7.0,MAHAGENCO,State,14.5,3268.0,"(3000, 3500)",Coal,250.0,1.08,53.5,2810.3,30.6,11.4,1171.0,1.27,domestic,850.0,2.388755,2.5887550000000004,WR
383.0,Ghtp (Leh.Moh.),1.0,PSEB,State,26.6,4262.7,"(4000, 4500)",Coal,210.0,1.18,53.6,3104.1,27.7,9.0,986.0,1.16,domestic,850.0,2.638485,2.8384850000000004,NR
222.0,Suratgarh,4.0,RRVUNL,State,22.4,3304.0,"(3000, 3500)",Coal,250.0,1.03,53.7,2690.7,32.0,9.2,1175.0,1.21,domestic,850.0,2.287095,2.487095,NR
3.0,Torangallu Ext,1.0,JSW Energy Ltd,Private,15.3,5344.1,"(5000, 6000)",Coal,300.0,0.87,54.0,2425.1,35.5,7.6,1418.9,1.23,imported,1700.0,4.12267,4.3226700000000005,Unallocated
99.0,Rayal Seema,6.0,APGENCO,State,6.4,3346.0,"(3000, 3500)",Coal,600.0,0.97,54.2,2543.0,33.8,6.4,2851.2,2.76,domestic,850.0,2.16155,2.3615500000000003,SR
381.0,North Chennai,2.0,TNEB,State,29.4,3111.0,"(3000, 3500)",Coal,210.0,1.17,54.3,3068.9,28.0,9.2,998.2,1.17,domestic,850.0,2.608565,2.808565,SR
324.0,Tuticorin,3.0,TNEB,State,42.3,2840.0,"(2000, 3000)",Coal,210.0,1.1,54.7,2868.3,30.0,9.1,1006.2,1.1,domestic,850.0,2.438055,2.638055,SR
214.0,Ukai_Coal,4.0,GSECL,State,45.4,3465.0,"(3000, 3500)",Coal,200.0,1.02,54.9,2585.2,33.3,9.8,961.0,0.98,domestic,850.0,2.19742,2.3974200000000003,WR
260.0,Uchpinda TPP,3.0,Rkm Powergen Private Ltd.,Private,6.9,3044.0,"(3000, 3500)",Coal,360.0,1.05,54.9,2766.8,31.1,10.1,1730.6,1.82,domestic,850.0,2.35178,2.5517800000000004,Unallocated
311.0,Pathadi Tps Ph -I,1.0,Lanco Amarkantak,Private,15.2,3387.4,"(3000, 3500)",Coal,300.0,1.08,54.9,2856.7,30.1,8.7,1443.1,1.56,domestic,850.0,2.428195,2.6281950000000003,Unallocated
102.0,Rajiv Gandhi Tps Hisar,2.0,HPGCL,State,13.8,3291.1,"(3000, 3500)",Coal,600.0,0.97,55.1,2570.8,33.4,5.8,2897.5,2.81,domestic,850.0,2.18518,2.38518,NR
231.0,Paricha,6.0,UPRVUNL,State,11.4,3401.0,"(3000, 3500)",Coal,250.0,1.03,55.3,2720.8,31.6,10.4,1210.0,1.25,domestic,850.0,2.31268,2.51268,NR
432.0,Niwari TPP,2.0,BLA Power Ltd,Private,5.2,3120.0,"(3000, 3500)",Coal,45.0,1.3,55.4,3433.0,25.0,12.3,218.2,0.28,domestic,850.0,2.91805,3.11805,Unallocated
114.0,Unchahar,6.0,NTPC,Centre,7.4,3829.9,"(3500, 4000)",Coal,500.0,0.97,55.6,2590.3,33.2,6.8,2436.4,2.37,domestic,850.0,2.201755,2.401755,Unallocated
445.0,Neyveli St Ii,6.0,NLC,Centre,31.8,2556.0,"(2000, 3000)",Lignite,210.0,1.45,55.6,3443.1,25.0,12.3,1023.4,1.49,lignite,500.0,1.72155,1.92155,SR
332.0,Vijaywada (Dr. N.TATA Rao Tps),3.0,APGENCO,State,34.8,2858.0,"(2000, 3000)",Coal,210.0,1.1,55.7,2894.2,29.7,10.2,1025.0,1.13,domestic,850.0,2.46007,2.66007,SR
347.0,Obra-A,10.0,UPRVUNL,State,45.6,3430.0,"(3000, 3500)",Coal,200.0,1.13,55.7,2959.1,29.1,10.0,976.0,1.1,domestic,850.0,2.515235,2.7152350000000003,NR
421.0,Ratija TPP,2.0,Scpl Ltd,Private,7.7,2156.0,"(2000, 3000)",Coal,50.0,1.23,56.0,3251.1,26.4,11.9,245.4,0.3,domestic,850.0,2.763435,2.963435,Unallocated
441.0,Neyveli St Ii,5.0,NLC,Centre,32.6,2556.0,"(2000, 3000)",Lignite,210.0,1.42,56.2,3373.1,25.5,10.7,1033.0,1.47,lignite,500.0,1.68655,1.88655,SR
183.0,Ukai_Coal,6.0,GSECL,State,11.4,3552.0,"(3500, 4000)",Coal,500.0,1.0,56.3,2569.3,33.5,7.3,2465.0,2.46,domestic,850.0,2.183905,2.3839050000000004,WR
249.0,Mejia,1.0,DVC,Centre,28.6,3430.8,"(3000, 3500)",Coal,210.0,1.04,56.3,2719.3,31.6,11.4,1035.6,1.08,domestic,850.0,2.311405,2.5114050000000003,ER
257.0,Bina TPP,2.0,Bina Power Supply,Private,11.4,3592.0,"(3500, 4000)",Coal,250.0,1.05,56.3,2756.6,31.2,8.4,1234.0,1.29,domestic,850.0,2.34311,2.54311,Unallocated
60.0,Dadri (NcTPP),6.0,NTPC,Centre,14.0,3805.9,"(3500, 4000)",Coal,490.0,0.95,56.4,2527.4,34.0,5.9,2420.8,2.3,domestic,850.0,2.14829,2.34829,Unallocated
201.0,Shri Singaji Malwa TPP,1.0,Mppgcl,State,10.7,3331.0,"(3000, 3500)",Coal,600.0,1.01,56.5,2656.9,32.4,6.2,2970.0,3.0,domestic,850.0,2.258365,2.458365,WR
248.0,North Chennai Extension,2.0,TNEB,State,10.9,3065.2,"(3000, 3500)",Coal,600.0,1.04,56.5,2752.0,31.2,7.4,2970.0,3.09,domestic,850.0,2.3392,2.5392,SR
227.0,Dadri (NcTPP),4.0,NTPC,Centre,30.4,3783.4,"(3500, 4000)",Coal,210.0,1.03,56.7,2733.8,31.5,9.0,1042.8,1.07,domestic,850.0,2.32373,2.52373,Unallocated
320.0,Tuticorin,4.0,TNEB,State,32.5,2835.0,"(2000, 3000)",Coal,210.0,1.09,56.7,2861.7,30.0,9.7,1043.5,1.14,domestic,850.0,2.432445,2.632445,SR
370.0,Kolaghat,5.0,WBPDC,State,33.4,3277.0,"(3000, 3500)",Coal,210.0,1.15,56.8,3035.5,28.3,11.1,1045.0,1.21,domestic,850.0,2.580175,2.7801750000000003,ER
97.0,Raghunathpur TPP Ph-I,2.0,DVC,Centre,8.6,3651.6,"(3500, 4000)",Coal,600.0,0.97,56.9,2556.1,33.6,6.1,2988.7,2.89,domestic,850.0,2.172685,2.372685,ER
380.0,Sanjay Gandhi,2.0,MPGPCL,State,30.4,3723.0,"(3500, 4000)",Coal,210.0,1.17,57.1,3083.5,27.9,9.5,1049.6,1.23,domestic,850.0,2.620975,2.820975,WR
6.0,Trombay_Coal,1.0,TATA Power,Private,40.5,4445.0,"(4000, 4500)",Coal,500.0,0.89,57.2,2495.6,34.5,6.1,2507.0,2.24,domestic,850.0,2.12126,2.32126,Unallocated
151.0,Indra Gandhi STPP,1.0,NTPC/Apcpl JV,Centre,13.8,3772.7,"(3500, 4000)",Coal,500.0,0.98,57.2,2592.0,33.2,6.1,2507.5,2.47,domestic,850.0,2.2032,2.4032,Unallocated
252.0,Pathadi Tps Ph -I,2.0,Lanco Amarkantak,Private,14.4,3395.6,"(3000, 3500)",Coal,300.0,1.04,57.6,2755.0,31.2,8.6,1513.4,1.58,domestic,850.0,2.34175,2.5417500000000004,Unallocated
286.0,Kalisindh,1.0,RRVUNL,State,10.3,3902.6,"(3500, 4000)",Coal,600.0,1.07,57.6,2812.5,30.6,7.3,3029.4,3.24,domestic,850.0,2.390625,2.590625,NR
337.0,Vijaywada (Dr. N.TATA Rao Tps),1.0,APGENCO,State,44.8,2819.0,"(2000, 3000)",Coal,210.0,1.11,57.7,2898.6,29.7,10.7,1062.0,1.17,domestic,850.0,2.46381,2.66381,SR
442.0,Neyveli St Ii,3.0,NLC,Centre,38.4,2556.0,"(2000, 3000)",Lignite,210.0,1.44,57.7,3418.6,25.2,11.8,1060.7,1.53,lignite,500.0,1.7093,1.9093,SR
212.0,Sterlite TPP(Vedanta),2.0,Sterlite Energy,Private,13.8,3165.0,"(3000, 3500)",Coal,600.0,1.02,58.0,2685.1,32.0,8.3,3046.3,3.1,domestic,850.0,2.282335,2.482335,Unallocated
131.0,Raigarh TPP(OP Jindal Tps),2.0,JSW Energy,Private,16.4,2891.6,"(2000, 3000)",Coal,250.0,0.98,58.1,2585.2,33.3,10.3,1272.4,1.25,domestic,850.0,2.19742,2.3974200000000003,Unallocated
244.0,Paras,3.0,MAHAGENCO,State,14.4,3154.0,"(3000, 3500)",Coal,250.0,1.04,58.3,2722.5,31.6,11.1,1277.8,1.33,domestic,850.0,2.314125,2.5141250000000004,WR
390.0,Surat Lignite,2.0,Gipcl,Private,24.8,2588.2,"(2000, 3000)",Lignite,125.0,1.19,58.4,3118.0,27.6,13.9,640.0,0.76,lignite,500.0,1.559,1.759,WR
247.0,Mettur,3.0,TNEB,State,35.4,3035.0,"(3000, 3500)",Coal,210.0,1.04,58.5,2731.4,31.5,8.7,1076.4,1.12,domestic,850.0,2.32169,2.52169,SR
372.0,Obra-A,9.0,UPRVUNL,State,44.5,3430.0,"(3000, 3500)",Coal,200.0,1.16,58.8,3037.4,28.3,10.9,1031.0,1.19,domestic,850.0,2.58179,2.78179,NR
123.0,Farakka Stps,6.0,NTPC,Centre,13.4,3917.1,"(3500, 4000)",Coal,500.0,0.98,58.9,2579.5,33.3,6.3,2578.3,2.52,domestic,850.0,2.192575,2.3925750000000003,Unallocated
12.0,Tamnar TPP,1.0,OP Jindal,Private,10.4,2993.3,"(2000, 3000)",Coal,600.0,0.92,59.1,2433.0,35.3,5.3,3108.9,2.86,domestic,850.0,2.06805,2.26805,Unallocated
384.0,Sanjay Gandhi,1.0,MPGPCL,State,31.4,3723.0,"(3500, 4000)",Coal,210.0,1.18,59.4,3098.9,27.7,9.9,1093.0,1.29,domestic,850.0,2.634065,2.8340650000000003,WR
213.0,Suratgarh,6.0,RRVUNL,State,14.9,3330.0,"(3000, 3500)",Coal,250.0,1.02,59.5,2672.7,32.2,8.9,1303.8,1.33,domestic,850.0,2.271795,2.471795,NR
287.0,Parli,6.0,MAHAGENCO,State,17.5,3234.0,"(3000, 3500)",Coal,250.0,1.07,59.5,2797.2,30.7,11.5,1303.0,1.39,domestic,850.0,2.37762,2.57762,WR
158.0,Akaltara TPP /Nariyara TPP,2.0,Ksk Mahanadi Power,Private,10.0,3708.0,"(3500, 4000)",Coal,600.0,0.99,59.6,2603.1,33.0,7.2,3134.0,3.1,domestic,850.0,2.212635,2.4126350000000003,Unallocated
440.0,Neyveli St Ii,4.0,NLC,Centre,33.4,2556.0,"(2000, 3000)",Lignite,210.0,1.37,59.6,3248.8,26.5,7.1,1096.1,1.5,lignite,500.0,1.6244,1.8244,SR
360.0,Surat Lignite,4.0,Gipcl,Private,14.3,2611.7,"(2000, 3000)",Lignite,125.0,1.14,59.7,3055.0,28.1,13.3,654.0,0.75,lignite,500.0,1.5275,1.7275,WR
242.0,Tuticorin JV,1.0,Ntpl(JV Of NLC & Tangedco),Centre,9.4,3596.7,"(3500, 4000)",Coal,500.0,1.04,59.8,2775.0,31.0,6.8,2618.7,2.72,domestic,850.0,2.35875,2.5587500000000003,SR
269.0,Farakka Stps,2.0,NTPC,Centre,37.6,3935.3,"(3500, 4000)",Coal,200.0,1.06,60.1,2805.8,30.6,9.8,1052.4,1.11,domestic,850.0,2.38493,2.5849300000000004,Unallocated
359.0,Sanjay Gandhi,4.0,MPGPCL,State,24.7,3723.0,"(3500, 4000)",Coal,210.0,1.14,60.2,3001.2,28.7,9.6,1107.7,1.26,domestic,850.0,2.55102,2.75102,WR
75.0,Derang,2.0,JIPL,Private,9.5,3379.7,"(3000, 3500)",Coal,600.0,0.96,60.3,2523.1,34.1,5.6,3170.1,3.04,domestic,850.0,2.144635,2.344635,Unallocated
361.0,Kolaghat,4.0,WBPDC,State,30.6,3295.0,"(3000, 3500)",Coal,210.0,1.14,60.3,3009.8,28.6,11.1,1109.0,1.27,domestic,850.0,2.55833,2.7583300000000004,ER
246.0,Mejia,3.0,DVC,Centre,26.4,3430.8,"(3000, 3500)",Coal,210.0,1.04,60.4,2715.6,31.7,11.3,1110.7,1.15,domestic,850.0,2.30826,2.5082600000000004,ER
357.0,Wanakbori,5.0,GSECL,State,37.9,3551.5,"(3500, 4000)",Coal,210.0,1.14,60.4,2979.3,28.9,9.8,1111.0,1.26,domestic,850.0,2.532405,2.732405,WR
449.0,Balco TPP,1.0,Balco India Private Ltd.,Private,9.2,3533.0,"(3500, 4000)",Coal,300.0,1.57,60.5,4162.9,20.7,8.4,1590.4,2.5,domestic,850.0,3.5384649999999995,3.738465,Unallocated
132.0,Akaltara TPP /Nariyara TPP,1.0,Ksk Mahanadi Power,Private,11.0,3710.0,"(3500, 4000)",Coal,600.0,0.98,60.6,2579.6,33.3,7.3,3185.0,3.12,domestic,850.0,2.19266,2.39266,Unallocated
339.0,Gandhi Nagar,5.0,GSECL,State,26.4,3626.9,"(3500, 4000)",Coal,210.0,1.11,60.6,2846.8,30.2,11.5,1114.0,1.23,domestic,850.0,2.41978,2.61978,WR
313.0,Chhabra Tps,2.0,RRVUNL,State,14.3,3670.2,"(3500, 4000)",Coal,250.0,1.09,60.7,2862.2,30.0,10.5,1329.2,1.45,domestic,850.0,2.43287,2.63287,NR
202.0,Kahalgaon,3.0,NTPC,Centre,29.4,3526.0,"(3500, 4000)",Coal,210.0,1.01,60.8,2679.5,32.1,9.7,1118.2,1.13,domestic,850.0,2.277575,2.4775750000000003,Unallocated
358.0,Sanjay Gandhi,3.0,MPGPCL,State,25.4,3723.0,"(3500, 4000)",Coal,210.0,1.14,60.8,2995.2,28.7,9.3,1118.0,1.27,domestic,850.0,2.54592,2.7459200000000004,WR
373.0,Kolaghat,3.0,WBPDC,State,40.0,3303.0,"(3000, 3500)",Coal,210.0,1.16,61.0,3055.7,28.1,11.0,1122.0,1.3,domestic,850.0,2.597345,2.797345,ER
302.0,Unchahar,3.0,NTPC,Centre,25.5,3732.0,"(3500, 4000)",Coal,210.0,1.08,61.1,2827.0,30.4,10.0,1123.2,1.21,domestic,850.0,2.40295,2.6029500000000003,Unallocated
362.0,Bhusawal,5.0,MAHAGENCO,State,10.6,3531.2,"(3500, 4000)",Coal,500.0,1.14,61.1,3027.3,28.4,6.4,2677.0,3.06,domestic,850.0,2.573205,2.7732050000000004,WR
206.0,Dadri (NcTPP),1.0,NTPC,Centre,32.6,3782.4,"(3500, 4000)",Coal,210.0,1.02,61.2,2699.6,31.9,8.1,1125.4,1.14,domestic,850.0,2.29466,2.49466,Unallocated
443.0,Neyveli St Ii,7.0,NLC,Centre,31.1,2556.0,"(2000, 3000)",Lignite,210.0,1.45,61.6,3436.5,25.0,10.7,1133.5,1.64,lignite,500.0,1.71825,1.91825,SR
336.0,Wanakbori,7.0,GSECL,State,25.6,3650.0,"(3500, 4000)",Coal,210.0,1.1,61.8,2880.5,29.9,10.5,1136.0,1.25,domestic,850.0,2.448425,2.648425,WR
86.0,Amaravati TPP,3.0,India Bulls,Private,9.5,3655.4,"(3500, 4000)",Coal,270.0,0.96,61.9,2535.9,33.9,7.7,1465.0,1.41,domestic,850.0,2.155515,2.355515,Unallocated
91.0,Rosa TPP,4.0,Rosa Power Company,Private,12.4,3835.0,"(3500, 4000)",Coal,300.0,0.96,62.1,2542.0,33.8,7.0,1632.7,1.57,domestic,850.0,2.1607,2.3607,NR
352.0,Kolaghat,6.0,WBPDC,State,31.6,3313.0,"(3000, 3500)",Coal,210.0,1.13,62.1,2979.7,28.9,11.1,1143.0,1.29,domestic,850.0,2.532745,2.732745,ER
378.0,Surat Lignite,3.0,Gipcl,Private,14.3,2585.1,"(2000, 3000)",Lignite,125.0,1.17,62.1,3064.1,28.1,13.3,680.0,0.8,lignite,500.0,1.53205,1.73205,WR
85.0,Simhadri,2.0,NTPC,Centre,22.0,3192.1,"(3000, 3500)",Coal,500.0,0.96,62.2,2554.6,33.7,5.8,2723.8,2.62,domestic,850.0,2.17141,2.37141,Unallocated
207.0,Kahalgaon,2.0,NTPC,Centre,30.4,3469.6,"(3000, 3500)",Coal,210.0,1.02,62.2,2690.6,32.0,10.2,1143.5,1.16,domestic,850.0,2.28701,2.48701,Unallocated
208.0,Paricha,5.0,UPRVUNL,State,12.2,3401.0,"(3000, 3500)",Coal,250.0,1.02,62.2,2677.4,32.1,9.0,1363.0,1.39,domestic,850.0,2.27579,2.4757900000000004,NR
395.0,Jallippa Kapurdi TPP,3.0,Raj West Power Ltd (JSW),Private,12.8,3128.8,"(3000, 3500)",Lignite,135.0,1.2,62.2,2851.5,30.2,10.2,736.0,0.88,lignite,500.0,1.42575,1.62575,WR
46.0,Tamnar TPP,2.0,OP Jindal,Private,10.4,2975.2,"(2000, 3000)",Coal,600.0,0.94,62.4,2497.7,34.4,5.3,3277.3,3.1,domestic,850.0,2.123045,2.323045,Unallocated
267.0,Vijaywada (Dr. N.TATA Rao Tps),5.0,APGENCO,State,30.4,2946.0,"(2000, 3000)",Coal,210.0,1.05,62.4,2771.5,31.0,9.6,1148.0,1.21,domestic,850.0,2.355775,2.555775,SR
71.0,R_Gundem Stps,5.0,NTPC,Centre,35.4,3507.3,"(3500, 4000)",Coal,500.0,0.95,62.5,2530.1,34.0,7.0,2735.4,2.61,domestic,850.0,2.150585,2.350585,Unallocated
281.0,Tenughat,1.0,Tvnl,State,30.3,3469.0,"(3000, 3500)",Coal,210.0,1.06,62.5,2793.1,30.8,10.4,1149.7,1.22,domestic,850.0,2.374135,2.574135,ER
7.0,Trombay_Coal,2.0,TATA Power,Private,14.9,4420.0,"(4000, 4500)",Coal,250.0,0.9,62.6,2524.5,34.1,7.1,1372.0,1.24,domestic,850.0,2.145825,2.345825,Unallocated
18.0,Tamnar TPP,4.0,OP Jindal,Private,9.4,2935.5,"(2000, 3000)",Coal,600.0,0.93,62.9,2443.9,35.2,5.3,3305.2,3.06,domestic,850.0,2.077315,2.277315,Unallocated
65.0,Simhadri,4.0,NTPC,Centre,12.4,3056.2,"(3000, 3500)",Coal,500.0,0.95,62.9,2518.8,34.1,6.0,2755.6,2.62,domestic,850.0,2.14098,2.34098,Unallocated
171.0,Mahadev Prasad STPP,2.0,Adahunik Power,Private,11.4,3482.0,"(3000, 3500)",Coal,270.0,1.0,62.9,2626.2,32.7,8.5,1488.3,1.48,domestic,850.0,2.23227,2.4322700000000004,Unallocated
259.0,Mettur,4.0,TNEB,State,34.5,3031.0,"(3000, 3500)",Coal,210.0,1.05,62.9,2754.7,31.2,9.1,1157.8,1.22,domestic,850.0,2.341495,2.5414950000000003,SR
55.0,Mouda Stps,1.0,NTPC,Centre,12.3,3372.0,"(3000, 3500)",Coal,500.0,0.95,63.0,2515.8,34.2,6.2,2760.1,2.62,domestic,850.0,2.13843,2.33843,Unallocated
335.0,I.B.Valley,2.0,OPGC,State,28.8,2901.0,"(2000, 3000)",Coal,210.0,1.1,63.0,2904.4,29.6,12.1,1159.8,1.28,domestic,850.0,2.46874,2.66874,ER
419.0,Barsingar Ligniteite,1.0,NLC,Centre,14.1,2912.0,"(2000, 3000)",Lignite,125.0,1.22,63.2,2895.2,29.7,12.6,692.0,0.84,lignite,500.0,1.4476,1.6476,SR
430.0,K_Kheda Ii,3.0,MAHAGENCO,State,24.2,3434.2,"(3000, 3500)",Coal,210.0,1.29,63.2,3407.6,25.2,10.6,1162.0,1.5,domestic,850.0,2.89646,3.09646,WR
333.0,Rayal Seema,1.0,APGENCO,State,30.3,3240.0,"(3000, 3500)",Coal,210.0,1.1,63.3,2901.8,29.6,11.6,1165.2,1.29,domestic,850.0,2.46653,2.6665300000000003,SR
40.0,Amaravati TPP,5.0,India Bulls,Private,9.4,3654.7,"(3500, 4000)",Coal,270.0,0.94,63.4,2483.9,34.6,7.7,1499.1,1.41,domestic,850.0,2.111315,2.311315,Unallocated
318.0,Tenughat,2.0,Tvnl,State,27.8,3469.0,"(3000, 3500)",Coal,210.0,1.09,63.4,2876.8,29.9,10.4,1165.7,1.27,domestic,850.0,2.44528,2.64528,ER
408.0,Koradi,6.0,MAHAGENCO,State,42.4,3227.0,"(3000, 3500)",Coal,210.0,1.22,63.4,3160.6,27.2,11.5,1167.0,1.42,domestic,850.0,2.68651,2.8865100000000004,WR
126.0,Rajiv Gandhi Tps Hisar,1.0,HPGCL,State,14.4,3302.3,"(3000, 3500)",Coal,600.0,0.98,63.7,2593.1,33.2,6.0,3347.7,3.27,domestic,850.0,2.204135,2.404135,NR
255.0,Paricha,3.0,UPRVUNL,State,18.4,3401.0,"(3000, 3500)",Coal,210.0,1.05,63.8,2757.3,31.2,11.2,1173.0,1.23,domestic,850.0,2.343705,2.543705,NR
293.0,"India Power TPP (Haldia, Hiranmaye)",1.0,Hiranmaye Energy Ltd,Private,7.2,3212.0,"(3000, 3500)",Coal,150.0,1.07,63.9,2822.2,30.5,9.4,839.5,0.9,domestic,850.0,2.39887,2.59887,Unallocated
276.0,Wardha Warora (Sai Wardha Power),4.0,Sai Wardha Power Ltd.,Private,13.3,3710.2,"(3500, 4000)",Coal,135.0,1.06,64.0,2787.8,30.8,10.1,757.2,0.8,domestic,850.0,2.36963,2.56963,WR
2.0,Torangallu Imp,2.0,JSW Energy,Private,25.2,5516.7,"(5000, 6000)",Coal,130.0,0.82,64.2,2281.1,37.7,8.4,730.8,0.6,imported,1700.0,3.87787,4.07787,Unallocated
225.0,Shri Singaji Malwa TPP,2.0,Mppgcl,State,9.6,3331.0,"(3000, 3500)",Coal,600.0,1.03,64.2,2708.2,31.7,6.0,3375.0,3.47,domestic,850.0,2.30197,2.50197,WR
349.0,Ghtp (Leh.Moh.),4.0,PSEB,State,16.0,4264.4,"(4000, 4500)",Coal,250.0,1.13,64.2,2978.4,28.9,7.7,1406.0,1.59,domestic,850.0,2.53164,2.73164,NR
87.0,Kahalgaon,5.0,NTPC,Centre,17.4,3494.8,"(3000, 3500)",Coal,500.0,0.96,64.3,2543.2,33.8,6.6,2815.1,2.71,domestic,850.0,2.16172,2.36172,Unallocated
438.0,Chakabura TPP,2.0,Acb India Ltd,Private,10.4,2095.0,"(2000, 3000)",Coal,30.0,1.36,64.3,3580.5,24.0,13.5,168.8,0.23,domestic,850.0,3.043425,3.243425,Unallocated
20.0,R_Gundem Stps,7.0,NTPC,Centre,19.9,3494.4,"(3000, 3500)",Coal,500.0,0.93,64.4,2451.0,35.1,6.7,2822.3,2.62,domestic,850.0,2.08335,2.28335,Unallocated
52.0,Baradarha TPP,2.0,Db Power Ltd,Private,9.4,3334.6,"(3000, 3500)",Coal,600.0,0.95,64.5,2496.8,34.4,5.4,3391.0,3.21,domestic,850.0,2.12228,2.32228,Unallocated
81.0,Vallur NTPC/Ntecl,1.0,NTPC/Ntecl,Centre,12.4,3159.6,"(3000, 3500)",Coal,500.0,0.96,64.7,2530.3,34.0,4.9,2833.0,2.72,domestic,850.0,2.150755,2.3507550000000004,Unallocated
80.0,Vallur NTPC/Ntecl,3.0,NTPC/Ntecl,Centre,9.4,3159.6,"(3000, 3500)",Coal,500.0,0.96,64.8,2530.3,34.0,4.9,2840.1,2.73,domestic,850.0,2.150755,2.3507550000000004,Unallocated
161.0,Akaltara TPP /Nariyara TPP,3.0,Ksk Mahanadi Power,Private,6.5,3695.0,"(3500, 4000)",Coal,600.0,0.99,65.0,2605.7,33.0,10.5,3417.0,3.38,domestic,850.0,2.214845,2.414845,Unallocated
177.0,Anuppur TPP,1.0,Mb Power (Mp),Private,9.3,3418.0,"(3000, 3500)",Coal,600.0,1.0,65.0,2631.2,32.7,6.1,3417.3,3.41,domestic,850.0,2.23652,2.43652,Unallocated
356.0,Wanakbori,6.0,GSECL,State,36.7,3626.2,"(3500, 4000)",Coal,210.0,1.14,65.0,2978.6,28.9,10.9,1195.0,1.36,domestic,850.0,2.53181,2.7318100000000003,WR
172.0,Nabi Nagar TPP (Brbcl),2.0,NTPC JV,Centre,7.3,3435.0,"(3000, 3500)",Coal,250.0,1.0,65.2,2626.3,32.7,7.7,1427.2,1.42,domestic,850.0,2.232355,2.4323550000000003,Unallocated
173.0,Nabi Nagar TPP (Brbcl),3.0,NTPC JV,Centre,5.4,3435.0,"(3000, 3500)",Coal,250.0,1.0,65.2,2626.3,32.7,7.7,1427.0,1.42,domestic,850.0,2.232355,2.4323550000000003,Unallocated
196.0,Kahalgaon,4.0,NTPC,Centre,28.4,3512.3,"(3500, 4000)",Coal,210.0,1.01,65.2,2662.1,32.3,9.2,1199.5,1.21,domestic,850.0,2.262785,2.462785,Unallocated
104.0,Rosa TPP,3.0,Rosa Power Company,Private,12.6,3835.0,"(3500, 4000)",Coal,300.0,0.97,65.3,2552.3,33.7,7.0,1716.8,1.66,domestic,850.0,2.169455,2.3694550000000003,NR
251.0,Mejia,6.0,DVC,Centre,16.8,3552.1,"(3500, 4000)",Coal,250.0,1.04,65.3,2747.0,31.3,10.6,1429.8,1.49,domestic,850.0,2.33495,2.5349500000000003,ER
323.0,Vijaywada (Dr. N.TATA Rao Tps),2.0,APGENCO,State,43.8,2829.0,"(2000, 3000)",Coal,210.0,1.1,65.3,2880.8,29.8,10.0,1202.0,1.32,domestic,850.0,2.44868,2.64868,SR
147.0,Raigarh TPP(OP Jindal Tps),1.0,JSW Energy,Private,16.7,2888.2,"(2000, 3000)",Coal,250.0,0.98,65.4,2600.3,33.1,10.3,1433.3,1.41,domestic,850.0,2.210255,2.4102550000000003,Unallocated
210.0,Dadri (NcTPP),2.0,NTPC,Centre,31.6,3783.4,"(3500, 4000)",Coal,210.0,1.02,65.4,2707.2,31.8,8.8,1203.4,1.23,domestic,850.0,2.30112,2.50112,Unallocated
331.0,Panipat,6.0,HPGCL,State,23.3,3775.7,"(3500, 4000)",Coal,210.0,1.1,65.5,2914.0,29.5,9.6,1204.7,1.33,domestic,850.0,2.4769,2.6769000000000003,NR
284.0,"India Power TPP (Haldia, Hiranmaye )",2.0,Hiranmaye Energy Ltd,Private,6.6,3287.0,"(3000, 3500)",Coal,150.0,1.07,65.7,2812.8,30.6,9.4,862.8,0.92,domestic,850.0,2.39088,2.5908800000000003,Unallocated
423.0,Korba-West,2.0,CSEB,State,40.4,3640.0,"(3500, 4000)",Coal,210.0,1.24,65.7,3263.7,26.3,10.5,1209.0,1.5,domestic,850.0,2.774145,2.974145,WR
69.0,Rosa TPP Ph - 1,1.0,Rosa Power Company,Private,14.5,3835.0,"(3500, 4000)",Coal,300.0,0.95,65.8,2510.3,34.3,8.3,1728.6,1.65,domestic,850.0,2.133755,2.333755,NR
185.0,Bongaigaon TPP,1.0,NTPC,Centre,9.1,4053.6,"(4000, 4500)",Coal,250.0,1.0,65.9,2633.0,32.7,8.6,1444.0,1.44,domestic,850.0,2.23805,2.43805,Unallocated
211.0,Dadri (NcTPP),3.0,NTPC,Centre,32.1,3787.4,"(3500, 4000)",Coal,210.0,1.02,65.9,2707.8,31.8,8.0,1212.9,1.24,domestic,850.0,2.30163,2.50163,Unallocated
317.0,Rayal Seema,5.0,APGENCO,State,13.6,3234.0,"(3000, 3500)",Coal,210.0,1.09,66.2,2876.4,29.9,10.6,1218.5,1.33,domestic,850.0,2.44494,2.64494,SR
243.0,Tuticorin JV,2.0,Ntpl(JV Of NLC & Tangedco),Centre,9.1,3596.7,"(3500, 4000)",Coal,500.0,1.04,66.3,2775.0,31.0,6.8,2905.3,3.02,domestic,850.0,2.35875,2.5587500000000003,SR
316.0,Gandhi Nagar,3.0,GSECL,State,34.4,3653.3,"(3500, 4000)",Coal,210.0,1.09,66.3,2837.9,30.3,10.5,1220.0,1.33,domestic,850.0,2.412215,2.6122150000000004,WR
253.0,Paras,2.0,MAHAGENCO,State,16.4,3126.0,"(3000, 3500)",Coal,250.0,1.04,66.4,2736.8,31.4,10.9,1454.9,1.52,domestic,850.0,2.32628,2.5262800000000003,WR
321.0,Vijaywada (Dr. N.TATA Rao Tps),4.0,APGENCO,State,34.0,2867.0,"(2000, 3000)",Coal,210.0,1.1,66.4,2874.0,29.9,10.1,1222.0,1.34,domestic,850.0,2.4429,2.6429,SR
163.0,Seioni TPP,1.0,Jhabua Power Ltd,Private,8.4,3346.0,"(3000, 3500)",Coal,600.0,0.99,66.6,2609.6,32.9,6.1,3501.8,3.47,domestic,850.0,2.21816,2.4181600000000003,Unallocated
153.0,Indra Gandhi STPP,3.0,NTPC/Apcpl JV,Centre,12.1,3772.7,"(3500, 4000)",Coal,500.0,0.98,67.0,2592.0,33.2,6.1,2934.1,2.89,domestic,850.0,2.2032,2.4032,Unallocated
271.0,Rayal Seema,3.0,APGENCO,State,17.5,3247.0,"(3000, 3500)",Coal,210.0,1.06,67.0,2780.0,30.9,8.8,1231.7,1.3,domestic,850.0,2.363,2.563,SR
283.0,Kota,5.0,RRVUNL,State,30.4,3357.0,"(3000, 3500)",Coal,210.0,1.07,67.0,2808.4,30.6,11.3,1232.2,1.31,domestic,850.0,2.38714,2.58714,NR
135.0,Dhariwal Inf TPP,1.0,Dhariwal Infra Private Ltd,Private,10.8,3831.0,"(3500, 4000)",Coal,300.0,0.98,67.1,2588.3,33.2,7.7,1762.8,1.73,domestic,850.0,2.200055,2.400055,Unallocated
309.0,Tuticorin,1.0,TNEB,State,45.1,2850.0,"(2000, 3000)",Coal,210.0,1.08,67.3,2842.0,30.3,8.7,1237.3,1.34,domestic,850.0,2.4157,2.6157000000000004,SR
299.0,Rayal Seema,4.0,APGENCO,State,16.7,3257.0,"(3000, 3500)",Coal,210.0,1.08,67.5,2832.6,30.4,9.1,1242.2,1.34,domestic,850.0,2.40771,2.60771,SR
396.0,Jallippa Kapurdi TPP,2.0,Raj West Power Ltd (JSW),Private,14.1,3119.2,"(3000, 3500)",Lignite,135.0,1.2,67.5,2852.3,30.1,10.2,797.9,0.96,lignite,500.0,1.42615,1.62615,WR
398.0,Jallippa Kapurdi TPP,1.0,Raj West Power Ltd (JSW),Private,14.8,3111.6,"(3000, 3500)",Lignite,135.0,1.2,67.7,2852.6,30.1,10.2,800.5,0.96,lignite,500.0,1.4263,1.6263,WR
191.0,Bongaigaon TPP,3.0,NTPC,Centre,5.4,4092.8,"(4000, 4500)",Coal,250.0,1.0,67.9,2645.1,32.5,8.6,1487.1,1.49,domestic,850.0,2.248335,2.448335,Unallocated
250.0,Mettur,2.0,TNEB,State,36.7,3032.0,"(3000, 3500)",Coal,210.0,1.04,67.9,2735.1,31.4,8.8,1249.8,1.3,domestic,850.0,2.324835,2.5248350000000004,SR
45.0,Kakatiya TPP (Stage-I),1.0,TSGENCO,State,14.2,4006.0,"(4000, 4500)",Coal,500.0,0.94,68.0,2486.4,34.6,5.9,2979.0,2.81,domestic,850.0,2.11344,2.3134400000000004,SR
121.0,Dadri (NcTPP),5.0,NTPC,Centre,14.5,3779.5,"(3500, 4000)",Coal,490.0,0.98,68.2,2596.8,33.1,6.3,2928.3,2.86,domestic,850.0,2.20728,2.40728,Unallocated
264.0,Bina TPP,1.0,Bina Power Supply,Private,12.0,3561.0,"(3500, 4000)",Coal,250.0,1.05,68.4,2771.3,31.0,8.3,1497.0,1.57,domestic,850.0,2.355605,2.5556050000000003,Unallocated
200.0,Farakka Stps,1.0,NTPC,Centre,38.6,3934.4,"(3500, 4000)",Coal,200.0,1.01,68.7,2682.3,32.1,9.5,1203.5,1.21,domestic,850.0,2.279955,2.4799550000000004,Unallocated
226.0,Mejia,4.0,DVC,Centre,19.8,3430.8,"(3000, 3500)",Coal,210.0,1.03,68.7,2705.7,31.8,11.0,1263.3,1.3,domestic,850.0,2.299845,2.499845,ER
291.0,Unchahar,4.0,NTPC,Centre,24.8,3703.6,"(3500, 4000)",Coal,210.0,1.07,68.7,2818.2,30.5,10.1,1263.0,1.35,domestic,850.0,2.39547,2.59547,Unallocated
25.0,Anapara “C”,2.0,Lanco Anapara Power,Private,12.7,3661.0,"(3500, 4000)",Coal,600.0,0.93,68.9,2454.8,35.0,5.2,3622.2,3.37,domestic,850.0,2.08658,2.2865800000000003,NR
369.0,Korba-West,4.0,CSEB,State,38.4,3640.0,"(3500, 4000)",Coal,210.0,1.15,68.9,3034.3,28.3,9.6,1268.0,1.46,domestic,850.0,2.579155,2.7791550000000003,WR
168.0,Raigarh TPP(OP Jindal Tps),3.0,JSW Energy,Private,16.5,2882.4,"(2000, 3000)",Coal,250.0,0.99,69.2,2626.2,32.7,10.3,1515.5,1.51,domestic,850.0,2.23227,2.4322700000000004,Unallocated
178.0,Anuppur TPP,2.0,Mb Power (Mp),Private,8.4,3418.0,"(3000, 3500)",Coal,600.0,1.0,69.3,2631.2,32.7,6.1,3641.9,3.63,domestic,850.0,2.23652,2.43652,Unallocated
263.0,Chandrapura,7.0,DVC,Centre,14.8,3778.8,"(3500, 4000)",Coal,250.0,1.05,69.3,2785.9,30.9,10.2,1516.6,1.6,domestic,850.0,2.368015,2.5680150000000004,ER
278.0,Unchahar,5.0,NTPC,Centre,17.9,3779.7,"(3500, 4000)",Coal,210.0,1.06,69.3,2817.3,30.5,9.4,1274.7,1.35,domestic,850.0,2.394705,2.5947050000000003,Unallocated
312.0,Panipat,8.0,HPGCL,State,19.5,3718.8,"(3500, 4000)",Coal,250.0,1.09,69.4,2873.3,29.9,9.4,1520.5,1.65,domestic,850.0,2.442305,2.6423050000000003,NR
306.0,Vijaywada (Dr. N.TATA Rao Tps),6.0,APGENCO,State,29.4,2945.0,"(2000, 3000)",Coal,210.0,1.08,69.5,2836.8,30.3,10.2,1279.0,1.38,domestic,850.0,2.41128,2.6112800000000003,SR
342.0,Obra-A,11.0,UPRVUNL,State,46.6,3430.0,"(3000, 3500)",Coal,200.0,1.11,69.5,2914.7,29.5,9.0,1218.0,1.35,domestic,850.0,2.477495,2.677495,NR
15.0,Budge Budge,1.0,CESC,Private,26.9,3761.0,"(3500, 4000)",Coal,250.0,0.93,69.6,2437.7,35.3,7.9,1523.9,1.41,domestic,850.0,2.072045,2.272045,ER
348.0,I.B.Valley,1.0,OPGC,State,30.2,2901.0,"(2000, 3000)",Coal,210.0,1.13,69.6,2966.7,29.0,12.5,1279.5,1.44,domestic,850.0,2.521695,2.721695,ER
367.0,Bhusawal,4.0,MAHAGENCO,State,12.4,3538.9,"(3500, 4000)",Coal,500.0,1.15,69.7,3042.7,28.3,6.3,3053.0,3.51,domestic,850.0,2.586295,2.786295,WR
392.0,Jallippa Kapurdi TPP,5.0,Raj West Power Ltd (JSW),Private,11.5,3115.2,"(3000, 3500)",Lignite,135.0,1.2,69.7,2850.6,30.2,10.2,823.9,0.99,lignite,500.0,1.4253,1.6253,WR
303.0,Chhabra Tps,1.0,RRVUNL,State,14.8,3671.3,"(3500, 4000)",Coal,250.0,1.08,69.9,2839.1,30.3,10.4,1531.2,1.65,domestic,850.0,2.413235,2.613235,NR
219.0,Anpara,2.0,UPRVUNL,State,37.6,3216.0,"(3000, 3500)",Coal,210.0,1.03,70.0,2699.0,31.9,10.4,1287.1,1.32,domestic,850.0,2.29415,2.4941500000000003,NR
23.0,Chandrapur_Coal,8.0,MAHAGENCO,State,9.4,3235.1,"(3000, 3500)",Coal,500.0,0.93,70.1,2474.7,34.7,5.3,3072.6,2.85,domestic,850.0,2.103495,2.3034950000000003,WR
330.0,Obra-A,12.0,UPRVUNL,State,43.4,3430.0,"(3000, 3500)",Coal,200.0,1.1,70.3,2892.2,29.7,9.0,1231.0,1.35,domestic,850.0,2.45837,2.65837,NR
48.0,Dhanu,2.0,Rel,Private,29.4,3553.6,"(3500, 4000)",Coal,250.0,0.95,70.4,2511.0,34.2,9.9,1542.7,1.46,domestic,850.0,2.13435,2.33435,Unallocated
399.0,Jallippa Kapurdi TPP,7.0,Raj West Power Ltd (JSW),Private,11.4,3126.5,"(3000, 3500)",Lignite,135.0,1.2,70.5,2853.0,30.1,10.2,834.1,1.0,lignite,500.0,1.4265,1.6265,WR
51.0,Avantha Bhandar TPP,1.0,Korba West Power Co Ltd,Private,7.3,3117.9,"(3000, 3500)",Coal,600.0,0.95,70.6,2495.9,34.4,6.5,3710.3,3.51,domestic,850.0,2.121515,2.321515,Unallocated
325.0,Amar Kantak Ext,5.0,MPGPCL,State,16.1,4189.0,"(4000, 4500)",Coal,210.0,1.1,70.6,2891.8,29.7,9.4,1299.1,1.43,domestic,850.0,2.45803,2.65803,WR
197.0,Rosa TPP Ph - 1,2.0,Rosa Power Company,Private,14.1,3835.0,"(3500, 4000)",Coal,300.0,1.01,70.7,2654.5,32.4,8.3,1856.8,1.87,domestic,850.0,2.256325,2.456325,NR
90.0,K_Gudem New,2.0,TSGENCO,State,27.4,2893.0,"(2000, 3000)",Coal,250.0,0.96,70.8,2535.2,33.9,10.0,1549.7,1.49,domestic,850.0,2.15492,2.3549200000000003,SR
397.0,Jallippa Kapurdi TPP,8.0,Raj West Power Ltd (JSW),Private,11.4,3111.8,"(3000, 3500)",Lignite,135.0,1.2,71.2,2852.4,30.1,10.2,841.8,1.01,lignite,500.0,1.4262,1.6262,WR
43.0,R_Gundem Stps,6.0,NTPC,Centre,34.8,3497.5,"(3000, 3500)",Coal,500.0,0.94,71.3,2499.5,34.4,6.6,3121.7,2.95,domestic,850.0,2.124575,2.3245750000000003,Unallocated
426.0,Neyveli Fst Ext,2.0,NLC,Centre,21.0,2653.0,"(2000, 3000)",Lignite,210.0,1.25,71.3,2975.9,28.9,9.0,1310.9,1.64,lignite,500.0,1.48795,1.68795,SR
44.0,Kamalanga,2.0,GMR.K Ltd,Private,11.1,3232.2,"(3000, 3500)",Coal,350.0,0.94,71.4,2493.1,34.5,6.7,2187.7,2.06,domestic,850.0,2.119135,2.319135,Unallocated
96.0,Yamunanagar TPP,2.0,HPGCL,State,16.7,3377.4,"(3000, 3500)",Coal,300.0,0.97,71.4,2543.8,33.8,8.5,1875.7,1.81,domestic,850.0,2.16223,2.3622300000000003,NR
53.0,Kamalanga,1.0,GMR.K Ltd,Private,11.5,3197.0,"(3000, 3500)",Coal,350.0,0.95,71.5,2501.8,34.4,6.9,2191.5,2.08,domestic,850.0,2.12653,2.32653,Unallocated
169.0,Farakka Stps,4.0,NTPC,Centre,31.9,3939.0,"(3500, 4000)",Coal,500.0,0.99,71.8,2628.1,32.7,6.7,3144.0,3.13,domestic,850.0,2.233885,2.433885,Unallocated
393.0,Jallippa Kapurdi TPP,4.0,Raj West Power Ltd (JSW),Private,12.7,3127.8,"(3000, 3500)",Lignite,135.0,1.2,71.9,2850.9,30.2,10.2,850.7,1.02,lignite,500.0,1.42545,1.62545,WR
277.0,Farakka Stps,3.0,NTPC,Centre,37.0,3954.9,"(3500, 4000)",Coal,200.0,1.06,72.0,2816.9,30.5,9.9,1261.0,1.34,domestic,850.0,2.394365,2.5943650000000003,Unallocated
61.0,Kamalanga,3.0,GMR.K Ltd,Private,10.4,3223.6,"(3000, 3500)",Coal,350.0,0.95,72.2,2508.7,34.3,7.1,2212.7,2.1,domestic,850.0,2.132395,2.332395,Unallocated
98.0,Durgapur Steel Tps,1.0,DVC,Centre,13.0,3753.0,"(3500, 4000)",Coal,500.0,0.97,72.2,2564.9,33.5,5.3,3164.1,3.06,domestic,850.0,2.180165,2.3801650000000003,ER
119.0,R_Gundem Stps,3.0,NTPC,Centre,39.6,3502.9,"(3500, 4000)",Coal,200.0,0.97,72.2,2564.9,33.5,10.8,1265.4,1.23,domestic,850.0,2.180165,2.3801650000000003,Unallocated
138.0,Barauni (Ext),8.0,BSEB,State,6.6,3489.0,"(3000, 3500)",Coal,250.0,0.98,72.2,2585.9,33.3,9.1,1581.1,1.56,domestic,850.0,2.198015,2.398015,ER
155.0,Korba-V(Dspm Tps),7.0,CSEB,State,17.4,3379.0,"(3000, 3500)",Coal,250.0,0.99,72.2,2599.9,33.1,8.2,1580.3,1.56,domestic,850.0,2.209915,2.4099150000000003,WR
72.0,Baradarha TPP,1.0,Db Power Ltd,Private,10.5,3339.0,"(3000, 3500)",Coal,600.0,0.96,72.6,2521.3,34.1,5.7,3818.0,3.65,domestic,850.0,2.143105,2.343105,Unallocated
105.0,Mahadev Prasad STPP,1.0,Adahunik Power,Private,11.7,3478.0,"(3000, 3500)",Coal,270.0,0.97,72.6,2553.7,33.7,8.5,1717.5,1.66,domestic,850.0,2.170645,2.370645,Unallocated
76.0,Simhadri,3.0,NTPC,Centre,13.4,3101.8,"(3000, 3500)",Coal,500.0,0.96,72.7,2543.0,33.8,5.7,3186.4,3.05,domestic,850.0,2.16155,2.3615500000000003,Unallocated
394.0,Jallippa Kapurdi TPP,6.0,Raj West Power Ltd (JSW),Private,11.4,3121.3,"(3000, 3500)",Lignite,135.0,1.2,72.7,2851.4,30.2,10.2,859.5,1.03,lignite,500.0,1.4257,1.6257,WR
346.0,Korba-West,1.0,CSEB,State,41.1,3640.0,"(3500, 4000)",Coal,210.0,1.12,73.0,2940.2,29.2,8.8,1342.0,1.5,domestic,850.0,2.49917,2.69917,WR
266.0,Kota,4.0,RRVUNL,State,35.3,3360.0,"(3000, 3500)",Coal,210.0,1.05,73.1,2774.8,31.0,11.3,1344.5,1.42,domestic,850.0,2.35858,2.55858,NR
289.0,Chhabra Tps,3.0,RRVUNL,State,10.9,3768.1,"(3500, 4000)",Coal,250.0,1.07,73.1,2818.6,30.5,9.9,1601.5,1.71,domestic,850.0,2.39581,2.59581,NR
16.0,Budge Budge,2.0,CESC,Private,25.4,3761.0,"(3500, 4000)",Coal,250.0,0.93,73.2,2437.9,35.3,7.9,1602.5,1.48,domestic,850.0,2.072215,2.272215,ER
41.0,Maithon Rb TPP,1.0,DVC-TATA JV,Private,12.9,4074.0,"(4000, 4500)",Coal,525.0,0.94,73.3,2486.1,34.6,5.6,3373.3,3.18,domestic,850.0,2.113185,2.3131850000000003,ER
79.0,R_Gundem Stps,4.0,NTPC,Centre,36.1,3493.0,"(3000, 3500)",Coal,500.0,0.96,73.5,2541.4,33.8,6.5,3220.8,3.09,domestic,850.0,2.16019,2.36019,Unallocated
39.0,Dhanu,1.0,Rel,Private,29.6,3557.5,"(3500, 4000)",Coal,250.0,0.94,73.6,2501.3,34.4,9.8,1611.2,1.52,domestic,850.0,2.126105,2.326105,Unallocated
162.0,Vijaywada TPP-Iv,1.0,APGENCO,State,14.8,3419.0,"(3000, 3500)",Coal,500.0,0.99,73.6,2604.8,33.0,5.3,3225.0,3.19,domestic,850.0,2.21408,2.41408,SR
199.0,Vindh_Chal Stps,3.0,NTPC,Centre,35.5,3686.3,"(3500, 4000)",Coal,210.0,1.01,73.6,2655.4,32.4,9.1,1354.3,1.37,domestic,850.0,2.25709,2.45709,Unallocated
27.0,Chandrapur_Coal,9.0,MAHAGENCO,State,8.4,3204.5,"(3000, 3500)",Coal,500.0,0.93,73.7,2488.9,34.5,5.7,3228.3,3.01,domestic,850.0,2.115565,2.3155650000000003,WR
36.0,Mouda Stps,2.0,NTPC,Centre,11.4,3365.3,"(3000, 3500)",Coal,500.0,0.94,73.8,2500.4,34.4,5.3,3233.2,3.04,domestic,850.0,2.12534,2.32534,Unallocated
420.0,Barsingar Ligniteite,2.0,NLC,Centre,13.5,2912.0,"(2000, 3000)",Lignite,125.0,1.22,73.8,2908.4,29.6,12.6,808.0,0.99,lignite,500.0,1.4542,1.6542,SR
93.0,Simhadri,1.0,NTPC,Centre,22.5,3127.4,"(3000, 3500)",Coal,500.0,0.96,73.9,2560.0,33.6,5.8,3235.1,3.12,domestic,850.0,2.176,2.3760000000000003,Unallocated
167.0,Chandrapura,8.0,DVC,Centre,14.4,3786.5,"(3500, 4000)",Coal,250.0,0.99,73.9,2634.6,32.6,9.5,1619.0,1.61,domestic,850.0,2.23941,2.43941,ER
334.0,K_Kheda Ii,5.0,MAHAGENCO,State,13.0,3464.8,"(3000, 3500)",Coal,500.0,1.1,73.9,2928.6,29.4,5.9,3237.0,3.57,domestic,850.0,2.48931,2.6893100000000003,WR
10.0,Haldia,2.0,Haldia Energy Ltd.,Private,9.5,3185.0,"(3000, 3500)",Coal,300.0,0.92,74.0,2416.2,35.6,5.1,1945.0,1.78,domestic,850.0,2.05377,2.25377,ER
111.0,Haldia,1.0,Haldia Energy Ltd.,Private,9.6,3205.0,"(3000, 3500)",Coal,300.0,0.97,74.0,2561.5,33.6,10.4,1945.0,1.89,domestic,850.0,2.177275,2.377275,ER
89.0,Emco GMR Warora TPP,2.0,Emco Energy (GMR),Private,10.9,3666.1,"(3500, 4000)",Coal,300.0,0.96,74.1,2540.3,33.8,7.8,1946.7,1.87,domestic,850.0,2.159255,2.359255,Unallocated
113.0,Talcher Stps,2.0,NTPC,Centre,28.4,3377.7,"(3000, 3500)",Coal,500.0,0.97,74.6,2563.7,33.5,6.9,3265.9,3.18,domestic,850.0,2.179145,2.3791450000000003,Unallocated
159.0,K_Gudem New,3.0,TSGENCO,State,26.4,2884.0,"(2000, 3000)",Coal,250.0,0.99,74.6,2600.0,33.1,10.7,1633.9,1.61,domestic,850.0,2.21,2.41,SR
136.0,Singrauli Stps,1.0,NTPC,Centre,42.5,3768.6,"(3500, 4000)",Coal,200.0,0.98,74.9,2578.7,33.3,8.8,1311.4,1.28,domestic,850.0,2.191895,2.3918950000000003,Unallocated
110.0,Rihand,2.0,NTPC,Centre,35.1,3894.1,"(3500, 4000)",Coal,500.0,0.97,75.1,2553.0,33.7,8.0,3289.1,3.19,domestic,850.0,2.17005,2.37005,Unallocated
148.0,Kota,7.0,RRVUNL,State,15.2,3424.1,"(3000, 3500)",Coal,195.0,0.98,75.1,2591.4,33.2,11.2,1282.9,1.26,domestic,850.0,2.20269,2.40269,NR
63.0,Kahalgaon,6.0,NTPC,Centre,16.4,3506.3,"(3500, 4000)",Coal,500.0,0.95,75.2,2512.2,34.2,5.7,3293.2,3.13,domestic,850.0,2.13537,2.33537,Unallocated
145.0,Amaravati TPP,4.0,India Bulls,Private,9.4,3653.8,"(3500, 4000)",Coal,270.0,0.98,75.2,2593.5,33.2,7.7,1779.3,1.75,domestic,850.0,2.204475,2.404475,Unallocated
298.0,D.P.L.,8.0,Dpl,State,10.4,3909.0,"(3500, 4000)",Coal,250.0,1.08,75.3,2834.5,30.3,10.8,1648.0,1.77,domestic,850.0,2.409325,2.609325,ER
140.0,Bhilai TPP,2.0,NTPC/Sail,Centre,15.1,3281.1,"(3000, 3500)",Coal,250.0,0.98,75.5,2583.2,33.3,8.6,1654.3,1.62,domestic,850.0,2.19572,2.3957200000000003,Unallocated
203.0,Kahalgaon,1.0,NTPC,Centre,32.4,3497.9,"(3000, 3500)",Coal,210.0,1.01,75.5,2681.6,32.1,9.6,1388.9,1.41,domestic,850.0,2.27936,2.47936,Unallocated
205.0,Vindh_Chal Stps,1.0,NTPC,Centre,36.8,3714.1,"(3500, 4000)",Coal,210.0,1.02,75.5,2674.7,32.1,9.4,1389.6,1.41,domestic,850.0,2.273495,2.473495,Unallocated
157.0,Barauni (Ext),9.0,BSEB,State,6.4,3490.5,"(3000, 3500)",Coal,250.0,0.99,75.6,2601.2,33.1,9.4,1655.8,1.64,domestic,850.0,2.21102,2.41102,ER
103.0,Yamunanagar TPP,1.0,HPGCL,State,16.7,3383.3,"(3000, 3500)",Coal,300.0,0.97,75.8,2551.2,33.7,8.5,1991.5,1.93,domestic,850.0,2.16852,2.36852,NR
179.0,Singrauli Stps,2.0,NTPC,Centre,41.7,3757.9,"(3500, 4000)",Coal,200.0,1.0,75.8,2623.3,32.8,8.9,1327.2,1.32,domestic,850.0,2.229805,2.429805,Unallocated
204.0,Koderma,2.0,DVC,Centre,11.5,4004.7,"(4000, 4500)",Coal,500.0,1.02,75.8,2695.4,31.9,5.4,3321.8,3.37,domestic,850.0,2.29109,2.49109,ER
188.0,Bongaigaon TPP,2.0,NTPC,Centre,7.4,4064.5,"(4000, 4500)",Coal,250.0,1.0,75.9,2639.9,32.6,8.6,1662.2,1.66,domestic,850.0,2.243915,2.443915,Unallocated
112.0,Amaravati TPP,1.0,India Bulls,Private,11.4,3652.0,"(3500, 4000)",Coal,270.0,0.97,76.0,2561.6,33.6,7.7,1796.8,1.75,domestic,850.0,2.17736,2.3773600000000004,Unallocated
386.0,Neyveli New TPP,2.0,NLC,Centre,3.5,2640.0,"(2000, 3000)",Lignite,500.0,1.18,76.0,2800.5,30.7,6.1,3330.5,3.93,lignite,500.0,1.40025,1.60025,SR
209.0,Anpara,1.0,UPRVUNL,State,37.6,3216.0,"(3000, 3500)",Coal,210.0,1.02,76.1,2681.2,32.1,9.9,1399.6,1.42,domestic,850.0,2.27902,2.47902,NR
50.0,Sipat Stps,1.0,NTPC,Centre,17.2,3454.5,"(3000, 3500)",Coal,500.0,0.95,76.3,2502.7,34.4,5.9,3344.1,3.17,domestic,850.0,2.127295,2.3272950000000003,Unallocated
142.0,Mejia Tps Ext,2.0,DVC,Centre,13.4,3603.2,"(3500, 4000)",Coal,500.0,0.98,76.3,2598.5,33.1,5.6,3341.0,3.28,domestic,850.0,2.208725,2.408725,ER
190.0,Muzaffarpur Exp,4.0,JV NTPC & BSEB,Centre,7.4,3614.1,"(3500, 4000)",Coal,195.0,1.0,76.3,2637.1,32.6,9.2,1303.6,1.31,domestic,850.0,2.241535,2.441535,ER
350.0,Korba-West,3.0,CSEB,State,39.4,3640.0,"(3500, 4000)",Coal,210.0,1.13,76.3,2978.4,28.9,9.4,1403.0,1.59,domestic,850.0,2.53164,2.73164,WR
144.0,Bakreswar,5.0,WBPDC,State,15.2,4253.0,"(4000, 4500)",Coal,210.0,0.98,76.5,2585.6,33.3,8.5,1408.0,1.38,domestic,850.0,2.19776,2.3977600000000003,ER
363.0,Bandel,5.0,WBPDC,State,41.8,3579.0,"(3500, 4000)",Coal,210.0,1.14,76.5,3009.2,28.6,9.5,1407.0,1.61,domestic,850.0,2.55782,2.75782,ER
305.0,Panipat,7.0,HPGCL,State,19.9,3712.7,"(3500, 4000)",Coal,250.0,1.08,76.6,2856.0,30.1,9.2,1678.5,1.81,domestic,850.0,2.4276,2.6276,NR
230.0,Mejia,5.0,DVC,Centre,17.4,3552.1,"(3500, 4000)",Coal,250.0,1.03,76.7,2721.2,31.6,9.8,1678.7,1.73,domestic,850.0,2.31302,2.51302,ER
261.0,Jojbera,2.0,TATA Power,Private,23.8,3820.0,"(3500, 4000)",Coal,120.0,1.05,76.7,2770.9,31.0,8.5,806.3,0.85,domestic,850.0,2.355265,2.5552650000000003,Unallocated
59.0,Sagardighi TPP,2.0,WBPDC,State,16.0,3797.0,"(3500, 4000)",Coal,300.0,0.95,76.8,2501.3,34.4,10.6,2018.8,1.92,domestic,850.0,2.126105,2.326105,ER
187.0,Singrauli Stps,4.0,NTPC,Centre,40.8,3737.2,"(3500, 4000)",Coal,200.0,1.0,77.0,2630.5,32.7,9.1,1348.5,1.35,domestic,850.0,2.235925,2.435925,Unallocated
385.0,Neyveli New TPP,1.0,NLC,Centre,4.6,2640.0,"(2000, 3000)",Lignite,500.0,1.18,77.4,2798.3,30.7,6.1,3388.9,4.0,lignite,500.0,1.39915,1.5991499999999998,SR
118.0,Rihand,1.0,NTPC,Centre,36.4,3932.8,"(3500, 4000)",Coal,500.0,0.97,77.5,2564.7,33.5,8.2,3392.8,3.31,domestic,850.0,2.179995,2.379995,Unallocated
26.0,Anapara “C”,1.0,Lanco Anapara Power,Private,12.7,3661.0,"(3500, 4000)",Coal,600.0,0.93,77.6,2454.8,35.0,5.2,4080.8,3.8,domestic,850.0,2.08658,2.2865800000000003,NR
166.0,Vindh_Chal Stps,4.0,NTPC,Centre,34.6,3684.3,"(3500, 4000)",Coal,210.0,0.99,77.6,2618.6,32.8,8.5,1428.1,1.42,domestic,850.0,2.22581,2.42581,Unallocated
78.0,Emco GMR Warora TPP,1.0,Emco Energy (GMR),Private,11.5,3665.6,"(3500, 4000)",Coal,300.0,0.96,77.7,2531.6,34.0,7.4,2042.8,1.96,domestic,850.0,2.15186,2.3518600000000003,Unallocated
58.0,Sagardighi TPP,1.0,WBPDC,State,16.6,3797.0,"(3500, 4000)",Coal,300.0,0.95,78.1,2501.3,34.4,10.6,2052.9,1.95,domestic,850.0,2.126105,2.326105,ER
193.0,Torr Power(Sabarmati),3.0,Torr Power,Private,45.8,4631.7,"(4500, 5000)",Coal,120.0,1.0,78.1,2674.1,32.2,8.6,821.0,0.82,domestic,850.0,2.272985,2.472985,WR
221.0,Mettur,1.0,TNEB,State,37.6,3063.0,"(3000, 3500)",Coal,210.0,1.03,78.1,2704.7,31.8,8.6,1437.3,1.48,domestic,850.0,2.298995,2.4989950000000003,SR
156.0,Satpura,10.0,MPGPCL,State,11.4,3924.0,"(3500, 4000)",Coal,250.0,0.99,78.2,2602.7,33.0,8.2,1713.4,1.69,domestic,850.0,2.212295,2.4122950000000003,WR
82.0,Vallur NTPC/Ntecl,2.0,NTPC/Ntecl,Centre,10.9,3159.6,"(3000, 3500)",Coal,500.0,0.96,78.3,2530.3,34.0,4.9,3428.0,3.3,domestic,850.0,2.150755,2.3507550000000004,Unallocated
95.0,Rihand,6.0,NTPC,Centre,10.8,3980.6,"(3500, 4000)",Coal,500.0,0.97,78.3,2544.5,33.8,5.2,3429.1,3.31,domestic,850.0,2.162825,2.3628250000000004,Unallocated
57.0,Vindh_Chal Stps,10.0,NTPC,Centre,17.4,3707.1,"(3500, 4000)",Coal,500.0,0.95,78.4,2500.8,34.4,5.6,3433.4,3.26,domestic,850.0,2.12568,2.32568,Unallocated
128.0,Singrauli Stps,6.0,NTPC,Centre,37.6,3775.5,"(3500, 4000)",Coal,500.0,0.98,78.4,2577.8,33.4,6.7,3433.5,3.36,domestic,850.0,2.19113,2.39113,Unallocated
195.0,Santaldih,6.0,WBPDC,State,13.1,3402.2,"(3000, 3500)",Coal,250.0,1.01,78.4,2649.8,32.4,8.1,1717.7,1.73,domestic,850.0,2.25233,2.4523300000000003,ER
9.0,K_Gudem New,4.0,TSGENCO,State,13.1,3774.0,"(3500, 4000)",Coal,500.0,0.91,78.8,2404.0,35.8,5.2,3452.2,3.15,domestic,850.0,2.0434,2.2434000000000003,SR
13.0,Korba Stps,7.0,NTPC,Centre,13.6,3374.0,"(3000, 3500)",Coal,500.0,0.92,78.9,2427.7,35.4,5.2,3455.1,3.18,domestic,850.0,2.063545,2.263545,Unallocated
262.0,Jojbera,3.0,TATA Power,Private,22.9,3797.0,"(3500, 4000)",Coal,120.0,1.05,78.9,2770.4,31.0,8.6,829.0,0.87,domestic,850.0,2.35484,2.55484,Unallocated
29.0,Kakatiya TPP (Stage-II),2.0,TSGENCO,State,8.6,3992.0,"(3500, 4000)",Coal,600.0,0.94,79.3,2462.7,34.9,5.4,4166.0,3.9,domestic,850.0,2.093295,2.293295,SR
70.0,Vindh_Chal Stps,8.0,NTPC,Centre,24.4,3705.2,"(3500, 4000)",Coal,500.0,0.95,79.3,2511.9,34.2,6.1,3473.6,3.31,domestic,850.0,2.135115,2.335115,Unallocated
73.0,Talcher Stps,6.0,NTPC,Centre,19.5,3361.8,"(3000, 3500)",Coal,500.0,0.96,79.4,2520.0,34.1,5.5,3479.2,3.32,domestic,850.0,2.142,2.342,Unallocated
108.0,Amaravati TPP,2.0,India Bulls,Private,10.5,3654.2,"(3500, 4000)",Coal,270.0,0.97,79.6,2556.4,33.6,7.7,1882.0,1.83,domestic,850.0,2.17294,2.3729400000000003,Unallocated
28.0,Singareni TPP,2.0,Singareni Collieries,State,7.7,3997.0,"(3500, 4000)",Coal,600.0,0.93,79.7,2458.2,35.0,5.9,4187.0,3.91,domestic,850.0,2.08947,2.28947,SR
308.0,Bakreswar,3.0,WBPDC,State,23.4,4253.0,"(4000, 4500)",Coal,210.0,1.08,79.7,2849.8,30.2,8.5,1467.0,1.59,domestic,850.0,2.42233,2.6223300000000003,ER
174.0,Nabi Nagar TPP (Brbcl),4.0,NTPC JV,Centre,2.7,3435.0,"(3000, 3500)",Coal,250.0,1.0,80.3,2626.3,32.7,7.7,1758.6,1.75,domestic,850.0,2.232355,2.4323550000000003,Unallocated
56.0,Kahalgaon,7.0,NTPC,Centre,15.1,3494.5,"(3000, 3500)",Coal,500.0,0.95,80.4,2509.1,34.3,5.4,3522.5,3.34,domestic,850.0,2.132735,2.332735,Unallocated
125.0,Mejia Tps Ext,1.0,DVC,Centre,13.9,3603.2,"(3500, 4000)",Coal,500.0,0.98,80.5,2592.6,33.2,5.4,3526.3,3.45,domestic,850.0,2.20371,2.40371,ER
88.0,Talcher Stps,5.0,NTPC,Centre,20.2,3377.6,"(3000, 3500)",Coal,500.0,0.96,80.8,2540.7,33.8,5.6,3538.1,3.41,domestic,850.0,2.159595,2.359595,Unallocated
137.0,Korba Stps,1.0,NTPC,Centre,41.4,3439.0,"(3000, 3500)",Coal,200.0,0.98,80.8,2581.6,33.3,8.6,1416.4,1.39,domestic,850.0,2.19436,2.3943600000000003,Unallocated
74.0,Derang,1.0,JIPL,Private,10.2,3379.7,"(3000, 3500)",Coal,600.0,0.96,80.9,2523.1,34.1,5.6,4254.6,4.07,domestic,850.0,2.144635,2.344635,Unallocated
170.0,Korba-V(Dspm Tps),8.0,CSEB,State,16.7,3379.0,"(3000, 3500)",Coal,250.0,0.99,81.0,2620.6,32.8,7.9,1774.4,1.77,domestic,850.0,2.22751,2.4275100000000003,WR
194.0,Singrauli Stps,5.0,NTPC,Centre,40.4,3763.0,"(3500, 4000)",Coal,200.0,1.0,81.0,2645.9,32.5,9.0,1419.7,1.43,domestic,850.0,2.249015,2.449015,Unallocated
100.0,Durgapur Steel Tps,2.0,DVC,Centre,12.4,3758.0,"(3500, 4000)",Coal,500.0,0.97,81.3,2567.4,33.5,5.2,3559.7,3.44,domestic,850.0,2.18229,2.38229,ER
62.0,Budge Budge,3.0,CESC,Private,15.1,3761.0,"(3500, 4000)",Coal,250.0,0.95,81.4,2502.6,34.4,7.9,1783.4,1.69,domestic,850.0,2.12721,2.32721,ER
84.0,Dhariwal Inf TPP,2.0,Dhariwal Infra Private Ltd,Private,10.0,3384.0,"(3000, 3500)",Coal,300.0,0.96,81.4,2538.0,33.9,7.7,2140.2,2.06,domestic,850.0,2.1573,2.3573000000000004,Unallocated
175.0,Nabi Nagar TPP (Brbcl),1.0,NTPC JV,Centre,8.4,3435.0,"(3000, 3500)",Coal,250.0,1.0,81.4,2626.3,32.7,7.7,1783.4,1.78,domestic,850.0,2.232355,2.4323550000000003,Unallocated
198.0,Koderma,1.0,DVC,Centre,13.0,4007.1,"(4000, 4500)",Coal,500.0,1.01,81.4,2674.0,32.2,5.2,3565.0,3.59,domestic,850.0,2.2729,2.4729,ER
42.0,Maithon Rb TPP,2.0,DVC-TATA JV,Private,12.0,4074.0,"(4000, 4500)",Coal,525.0,0.94,81.7,2486.1,34.6,5.6,3756.8,3.54,domestic,850.0,2.113185,2.3131850000000003,ER
143.0,Bokaro A ‘’Exp’’,1.0,DVC,Centre,8.4,4212.3,"(4000, 4500)",Coal,500.0,0.98,81.7,2593.9,33.1,5.8,3577.2,3.51,domestic,850.0,2.204815,2.404815,ER
165.0,Torr Power(Sabarmati),5.0,Torr Power,Private,35.9,4661.5,"(4500, 5000)",Coal,121.0,0.99,81.7,2626.8,32.7,8.4,866.0,0.86,domestic,850.0,2.23278,2.43278,WR
181.0,Vindh_Chal Stps,5.0,NTPC,Centre,34.4,3703.0,"(3500, 4000)",Coal,210.0,1.0,81.7,2628.4,32.7,8.5,1502.1,1.5,domestic,850.0,2.23414,2.43414,Unallocated
64.0,Vindh_Chal Stps,9.0,NTPC,Centre,18.0,3691.8,"(3500, 4000)",Coal,500.0,0.95,81.9,2503.7,34.3,5.5,3585.8,3.41,domestic,850.0,2.128145,2.328145,Unallocated
149.0,Kota,6.0,RRVUNL,State,21.0,3409.2,"(3000, 3500)",Coal,195.0,0.98,81.9,2592.4,33.2,10.8,1398.3,1.38,domestic,850.0,2.20354,2.40354,NR
116.0,Anpara,5.0,UPRVUNL,State,29.8,3611.0,"(3500, 4000)",Coal,500.0,0.97,82.2,2565.2,33.5,8.0,3601.8,3.51,domestic,850.0,2.18042,2.38042,NR
192.0,Muzaffarpur Exp,3.0,JV NTPC & BSEB,Centre,9.4,3601.5,"(3500, 4000)",Coal,195.0,1.0,82.3,2641.2,32.6,9.6,1406.3,1.41,domestic,850.0,2.24502,2.44502,ER
47.0,Korba Stps,6.0,NTPC,Centre,35.5,3394.0,"(3000, 3500)",Coal,500.0,0.95,82.4,2492.2,34.5,5.5,3609.2,3.41,domestic,850.0,2.11837,2.3183700000000003,Unallocated
139.0,Bhilai TPP,1.0,NTPC/Sail,Centre,16.3,3281.1,"(3000, 3500)",Coal,250.0,0.98,82.7,2583.2,33.3,8.6,1810.6,1.78,domestic,850.0,2.19572,2.3957200000000003,Unallocated
427.0,Neyveli Fst Ext,1.0,NLC,Centre,21.8,2653.0,"(2000, 3000)",Lignite,210.0,1.25,82.7,2975.9,28.9,9.0,1521.3,1.91,lignite,500.0,1.48795,1.68795,SR
182.0,Torr Power(Sabarmati),4.0,Torr Power,Private,39.6,4650.9,"(4500, 5000)",Coal,121.0,1.0,82.9,2650.9,32.4,8.0,879.0,0.88,domestic,850.0,2.253265,2.453265,WR
124.0,Sanjay Gandhi,5.0,MPGPCL,State,15.9,3828.0,"(3500, 4000)",Coal,500.0,0.98,84.2,2572.9,33.4,6.1,3689.9,3.6,domestic,850.0,2.186965,2.386965,WR
1.0,Torangallu Imp,1.0,JSW Energy,Private,25.2,5251.3,"(5000, 6000)",Coal,130.0,0.74,84.4,2060.6,41.7,7.3,961.2,0.71,imported,1700.0,3.50302,3.70302,Unallocated
184.0,Vindh_Chal Stps,2.0,NTPC,Centre,36.0,3700.0,"(3500, 4000)",Coal,210.0,1.0,84.4,2629.3,32.7,8.5,1553.1,1.55,domestic,850.0,2.234905,2.434905,Unallocated
215.0,Korba-West Ext,5.0,CSEB,State,11.4,3640.0,"(3500, 4000)",Coal,500.0,1.02,84.8,2687.6,32.0,5.1,3715.0,3.79,domestic,850.0,2.28446,2.4844600000000003,WR
49.0,Vindh_Chal Stps,13.0,NTPC,Centre,9.0,3693.2,"(3500, 4000)",Coal,500.0,0.95,85.1,2493.4,34.5,6.4,3727.0,3.53,domestic,850.0,2.11939,2.3193900000000003,Unallocated
134.0,Sagardighi TPP,4.0,WBPDC,State,7.6,3826.0,"(3500, 4000)",Coal,500.0,0.98,85.1,2580.6,33.3,5.5,3727.9,3.65,domestic,850.0,2.19351,2.39351,ER
127.0,Singrauli Stps,7.0,NTPC,Centre,36.7,3771.2,"(3500, 4000)",Coal,500.0,0.98,85.4,2577.0,33.4,6.8,3742.4,3.66,domestic,850.0,2.19045,2.39045,Unallocated
122.0,Talcher Stps,1.0,NTPC,Centre,29.5,3365.2,"(3000, 3500)",Coal,500.0,0.98,85.9,2574.1,33.4,7.4,3762.8,3.67,domestic,850.0,2.187985,2.387985,Unallocated
22.0,Singareni TPP,,Singareni Collieries,State,8.4,4002.0,"(4000, 4500)",Coal,600.0,0.93,86.6,2446.5,35.1,6.2,4554.0,4.23,domestic,850.0,2.079525,2.279525,SR
30.0,Sipat Stps,2.0,NTPC,Centre,15.6,3474.3,"(3000, 3500)",Coal,500.0,0.94,86.6,2475.0,34.7,6.1,3792.6,3.55,domestic,850.0,2.10375,2.30375,Unallocated
94.0,Talcher Stps,3.0,NTPC,Centre,21.6,3369.8,"(3000, 3500)",Coal,500.0,0.97,86.8,2548.4,33.7,6.2,3803.3,3.67,domestic,850.0,2.16614,2.36614,Unallocated
133.0,Sagardighi TPP,3.0,WBPDC,State,8.6,3826.0,"(3500, 4000)",Coal,500.0,0.98,87.0,2580.2,33.3,5.5,3812.0,3.73,domestic,850.0,2.19317,2.39317,ER
77.0,Vindh_Chal Stps,7.0,NTPC,Centre,25.4,3695.5,"(3500, 4000)",Coal,500.0,0.96,87.4,2527.0,34.0,6.3,3829.6,3.67,domestic,850.0,2.14795,2.34795,Unallocated
21.0,Anpara,7.0,UPRVUNL,State,8.4,3590.0,"(3500, 4000)",Coal,500.0,0.93,87.7,2446.3,35.1,5.5,3841.1,3.57,domestic,850.0,2.079355,2.279355,NR
189.0,Singrauli Stps,3.0,NTPC,Centre,41.4,3761.2,"(3500, 4000)",Coal,200.0,1.0,88.2,2634.2,32.6,9.1,1544.5,1.54,domestic,850.0,2.23907,2.43907,Unallocated
154.0,Satpura,11.0,MPGPCL,State,10.6,3924.0,"(3500, 4000)",Coal,250.0,0.99,88.3,2601.7,33.0,8.0,1933.8,1.91,domestic,850.0,2.211445,2.411445,WR
164.0,Bakreswar,4.0,WBPDC,State,16.6,4253.0,"(4000, 4500)",Coal,210.0,0.99,88.3,2612.0,32.9,8.5,1625.0,1.61,domestic,850.0,2.2202,2.4202000000000004,ER
38.0,Korba Stps,4.0,NTPC,Centre,37.2,3400.0,"(3000, 3500)",Coal,500.0,0.94,88.6,2481.5,34.7,5.8,3881.0,3.65,domestic,850.0,2.109275,2.309275,Unallocated
220.0,Bakreswar,1.0,WBPDC,State,25.1,4253.0,"(4000, 4500)",Coal,210.0,1.03,88.7,2702.4,31.8,8.5,1632.0,1.67,domestic,850.0,2.29704,2.49704,ER
19.0,Anpara,6.0,UPRVUNL,State,9.2,3590.0,"(3500, 4000)",Coal,500.0,0.93,89.3,2445.2,35.2,5.6,3909.6,3.63,domestic,850.0,2.07842,2.27842,NR
115.0,Korba Stps,3.0,NTPC,Centre,40.4,3405.0,"(3000, 3500)",Coal,200.0,0.97,89.4,2566.3,33.5,8.3,1567.0,1.53,domestic,850.0,2.181355,2.381355,Unallocated
176.0,Vindh_Chal Stps,6.0,NTPC,Centre,33.5,3699.6,"(3500, 4000)",Coal,210.0,1.0,89.4,2626.0,32.7,8.5,1645.0,1.64,domestic,850.0,2.2321,2.4321,Unallocated
180.0,Santaldih,5.0,WBPDC,State,16.7,3402.2,"(3000, 3500)",Coal,250.0,1.0,89.4,2627.3,32.7,8.1,1958.4,1.95,domestic,850.0,2.233205,2.433205,ER
229.0,Bakreswar,2.0,WBPDC,State,24.2,4253.0,"(4000, 4500)",Coal,210.0,1.03,89.4,2714.7,31.7,8.5,1645.0,1.69,domestic,850.0,2.307495,2.507495,ER
101.0,Korba Stps,2.0,NTPC,Centre,40.8,3404.0,"(3000, 3500)",Coal,200.0,0.97,89.5,2549.9,33.7,8.3,1567.5,1.52,domestic,850.0,2.167415,2.3674150000000003,Unallocated
106.0,Rihand,3.0,NTPC,Centre,19.5,3940.8,"(3500, 4000)",Coal,500.0,0.97,89.6,2553.8,33.7,5.7,3925.3,3.8,domestic,850.0,2.17073,2.37073,Unallocated
107.0,Rihand,4.0,NTPC,Centre,18.9,3938.2,"(3500, 4000)",Coal,500.0,0.97,89.7,2554.6,33.7,5.6,3927.3,3.81,domestic,850.0,2.17141,2.37141,Unallocated
92.0,Rihand,5.0,NTPC,Centre,12.2,3937.4,"(3500, 4000)",Coal,500.0,0.96,89.8,2543.6,33.8,5.3,3931.8,3.79,domestic,850.0,2.16206,2.36206,Unallocated
67.0,Talcher Stps,4.0,NTPC,Centre,20.8,3368.1,"(3000, 3500)",Coal,500.0,0.95,89.9,2511.6,34.2,5.5,3939.0,3.75,domestic,850.0,2.13486,2.3348600000000004,Unallocated
34.0,Vindh_Chal Stps,12.0,NTPC,Centre,11.4,3696.5,"(3500, 4000)",Coal,500.0,0.94,90.5,2472.1,34.8,5.4,3964.2,3.72,domestic,850.0,2.101285,2.301285,Unallocated
66.0,Korba Stps,5.0,NTPC,Centre,36.4,3404.0,"(3000, 3500)",Coal,500.0,0.95,90.7,2506.8,34.3,5.6,3972.4,3.78,domestic,850.0,2.13078,2.3307800000000003,Unallocated
237.0,Bhadradri TPP,1.0,TSGENCO,State,4.2,3450.0,"(3000, 3500)",Coal,270.0,1.04,91.1,2696.1,31.9,9.1,2155.0,2.23,domestic,850.0,2.291685,2.4916850000000004,SR
32.0,Vindh_Chal Stps,11.0,NTPC,Centre,12.1,3698.2,"(3500, 4000)",Coal,500.0,0.94,91.2,2470.7,34.8,5.5,3996.1,3.75,domestic,850.0,2.100095,2.300095,Unallocated
