resource_id,dataset_title,vintage,category,station_raw,units_source,ecr_raw,ecr_rs_per_kwh,nfc_raw,total_raw
9a0d4b8a-3581-4676-a834-da0b837385b4,Generating Station-wise Tariff Statement (Fixed Charge and Energy Charge) of Thermal Power Stations during 2021-23,2021-23,NLC Stations,TS-II St.1,Rs/kWh,2.661,2.661,0.71,3.371
9a0d4b8a-3581-4676-a834-da0b837385b4,Generating Station-wise Tariff Statement (Fixed Charge and Energy Charge) of Thermal Power Stations during 2021-23,2021-23,NLC Stations,TS-II St.2,Rs/kWh,2.623,2.623,0.736,3.359
9a0d4b8a-3581-4676-a834-da0b837385b4,Generating Station-wise Tariff Statement (Fixed Charge and Energy Charge) of Thermal Power Stations during 2021-23,2021-23,NLC Stations,TPS-I Exp.,Rs/kWh,2.454,2.454,0.965,3.419
9a0d4b8a-3581-4676-a834-da0b837385b4,Generating Station-wise Tariff Statement (Fixed Charge and Energy Charge) of Thermal Power Stations during 2021-23,2021-23,NLC Stations,BTPS,Rs/kWh,1.077,1.077,2.308,3.385
9a0d4b8a-3581-4676-a834-da0b837385b4,Generating Station-wise Tariff Statement (Fixed Charge and Energy Charge) of Thermal Power Stations during 2021-23,2021-23,NLC Stations,TPS-2 Exp.,Rs/kWh,2.562,2.562,2.309,4.871
9a0d4b8a-3581-4676-a834-da0b837385b4,Generating Station-wise Tariff Statement (Fixed Charge and Energy Charge) of Thermal Power Stations during 2021-23,2021-23,NLC Stations,NTPL,Rs/kWh,2.842,2.842,1.553,4.395
9a0d4b8a-3581-4676-a834-da0b837385b4,Generating Station-wise Tariff Statement (Fixed Charge and Energy Charge) of Thermal Power Stations during 2021-23,2021-23,NLC Stations,NNTPP,Rs/kWh,2.193,2.193,1.804,3.997
9a0d4b8a-3581-4676-a834-da0b837385b4,Generating Station-wise Tariff Statement (Fixed Charge and Energy Charge) of Thermal Power Stations during 2021-23,2021-23,DVC (Paise/KWh),DTPS,paise/kWh,392.7,3.927,259.1,651.8
9a0d4b8a-3581-4676-a834-da0b837385b4,Generating Station-wise Tariff Statement (Fixed Charge and Energy Charge) of Thermal Power Stations during 2021-23,2021-23,DVC (Paise/KWh),MTPS (1-3),paise/kWh,319.8,3.198,118.9,438.7
9a0d4b8a-3581-4676-a834-da0b837385b4,Generating Station-wise Tariff Statement (Fixed Charge and Energy Charge) of Thermal Power Stations during 2021-23,2021-23,DVC (Paise/KWh),MTPS (4),paise/kWh,318.5,3.185,90.4,408.9
9a0d4b8a-3581-4676-a834-da0b837385b4,Generating Station-wise Tariff Statement (Fixed Charge and Energy Charge) of Thermal Power Stations during 2021-23,2021-23,DVC (Paise/KWh),MTPS (5-6),paise/kWh,304.4,3.044,152.4,456.8
9a0d4b8a-3581-4676-a834-da0b837385b4,Generating Station-wise Tariff Statement (Fixed Charge and Energy Charge) of Thermal Power Stations during 2021-23,2021-23,DVC (Paise/KWh),MTPS (7-8),paise/kWh,290,2.9,165.3,455.3
9a0d4b8a-3581-4676-a834-da0b837385b4,Generating Station-wise Tariff Statement (Fixed Charge and Energy Charge) of Thermal Power Stations during 2021-23,2021-23,DVC (Paise/KWh),CTPS (7-8),paise/kWh,267.5,2.675,153.8,421.3
9a0d4b8a-3581-4676-a834-da0b837385b4,Generating Station-wise Tariff Statement (Fixed Charge and Energy Charge) of Thermal Power Stations during 2021-23,2021-23,DVC (Paise/KWh),DSTPS (1-2),paise/kWh,294.6,2.946,189.7,484.3
9a0d4b8a-3581-4676-a834-da0b837385b4,Generating Station-wise Tariff Statement (Fixed Charge and Energy Charge) of Thermal Power Stations during 2021-23,2021-23,DVC (Paise/KWh),KTPS (1-2),paise/kWh,265.7,2.657,172.2,437.9
9a0d4b8a-3581-4676-a834-da0b837385b4,Generating Station-wise Tariff Statement (Fixed Charge and Energy Charge) of Thermal Power Stations during 2021-23,2021-23,DVC (Paise/KWh),RTPS (1-2),paise/kWh,306.7,3.067,216.2,522.9
9a0d4b8a-3581-4676-a834-da0b837385b4,Generating Station-wise Tariff Statement (Fixed Charge and Energy Charge) of Thermal Power Stations during 2021-23,2021-23,DVC (Paise/KWh),BTPS A,paise/kWh,227.3,2.273,253,480.3
9a0d4b8a-3581-4676-a834-da0b837385b4,Generating Station-wise Tariff Statement (Fixed Charge and Energy Charge) of Thermal Power Stations during 2021-23,2021-23,PPCL Bawana,PPCL Bawana TPS,Rs/kWh,1.32,1.32,3.15,4.47
9a0d4b8a-3581-4676-a834-da0b837385b4,Generating Station-wise Tariff Statement (Fixed Charge and Energy Charge) of Thermal Power Stations during 2021-23,2021-23,"ONGC Tripura Power Company Ltd, Palatana Project",OTPC TPS,Rs/kWh,1.41,1.41,1.87,3.28
9a0d4b8a-3581-4676-a834-da0b837385b4,Generating Station-wise Tariff Statement (Fixed Charge and Energy Charge) of Thermal Power Stations during 2021-23,2021-23,NEEPCO Gas Plants,AGBP,Rs/kWh,1.387,1.387,2.041,3.428
9a0d4b8a-3581-4676-a834-da0b837385b4,Generating Station-wise Tariff Statement (Fixed Charge and Energy Charge) of Thermal Power Stations during 2021-23,2021-23,NEEPCO Gas Plants,AGTCCP,Rs/kWh,1.893,1.893,1.803,3.696
9a0d4b8a-3581-4676-a834-da0b837385b4,Generating Station-wise Tariff Statement (Fixed Charge and Energy Charge) of Thermal Power Stations during 2021-23,2021-23,NEEPCO Gas Plants,TGBP,Rs/kWh,2.053,2.053,2.981,5.034
9a0d4b8a-3581-4676-a834-da0b837385b4,Generating Station-wise Tariff Statement (Fixed Charge and Energy Charge) of Thermal Power Stations during 2021-23,2021-23,OTPC,OTPC PALATANA,Rs/kWh,1.87,1.87,1.41,3.28
948ebec1-52eb-44d3-a97c-1761f8ad4c54,Station-wise Tariff Statement (Fixed Charge and Energy Charge) of Thermal Power Stations during 2021-22,2021-22,NTPC Generating Stations,Singrauli STPS,Rs/kWh,1.39,1.39,0.65,2.04
948ebec1-52eb-44d3-a97c-1761f8ad4c54,Station-wise Tariff Statement (Fixed Charge and Energy Charge) of Thermal Power Stations during 2021-22,2021-22,NTPC Generating Stations,Rihand STPS-I,Rs/kWh,1.41,1.41,0.84,2.25
948ebec1-52eb-44d3-a97c-1761f8ad4c54,Station-wise Tariff Statement (Fixed Charge and Energy Charge) of Thermal Power Stations during 2021-22,2021-22,NTPC Generating Stations,Rihand STPS-II,Rs/kWh,1.41,1.41,0.7,2.11
948ebec1-52eb-44d3-a97c-1761f8ad4c54,Station-wise Tariff Statement (Fixed Charge and Energy Charge) of Thermal Power Stations during 2021-22,2021-22,NTPC Generating Stations,Rihand STPS-III,Rs/kWh,1.39,1.39,1.44,2.83
948ebec1-52eb-44d3-a97c-1761f8ad4c54,Station-wise Tariff Statement (Fixed Charge and Energy Charge) of Thermal Power Stations during 2021-22,2021-22,NTPC Generating Stations,FGUTPS Unchahar-I,Rs/kWh,3.04,3.04,1.08,4.12
948ebec1-52eb-44d3-a97c-1761f8ad4c54,Station-wise Tariff Statement (Fixed Charge and Energy Charge) of Thermal Power Stations during 2021-22,2021-22,NTPC Generating Stations,FGUTPS Unchahar-II,Rs/kWh,3.06,3.06,1.01,4.06
948ebec1-52eb-44d3-a97c-1761f8ad4c54,Station-wise Tariff Statement (Fixed Charge and Energy Charge) of Thermal Power Stations during 2021-22,2021-22,NTPC Generating Stations,FGUTPS Unchahar-III,Rs/kWh,3.08,3.08,1.34,4.42
948ebec1-52eb-44d3-a97c-1761f8ad4c54,Station-wise Tariff Statement (Fixed Charge and Energy Charge) of Thermal Power Stations during 2021-22,2021-22,NTPC Generating Stations,FGUTPS Unchahar-IV,Rs/kWh,2.91,2.91,1.55,4.47
948ebec1-52eb-44d3-a97c-1761f8ad4c54,Station-wise Tariff Statement (Fixed Charge and Energy Charge) of Thermal Power Stations during 2021-22,2021-22,NTPC Generating Stations,Tanda-I,Rs/kWh,3.31,3.31,1.26,4.57
948ebec1-52eb-44d3-a97c-1761f8ad4c54,Station-wise Tariff Statement (Fixed Charge and Energy Charge) of Thermal Power Stations during 2021-22,2021-22,NTPC Generating Stations,Tanda-II,Rs/kWh,2.59,2.59,1.6,4.19
948ebec1-52eb-44d3-a97c-1761f8ad4c54,Station-wise Tariff Statement (Fixed Charge and Energy Charge) of Thermal Power Stations during 2021-22,2021-22,NTPC Generating Stations,NCTPS Dadri-I,Rs/kWh,3.32,3.32,0.97,4.29
948ebec1-52eb-44d3-a97c-1761f8ad4c54,Station-wise Tariff Statement (Fixed Charge and Energy Charge) of Thermal Power Stations during 2021-22,2021-22,NTPC Generating Stations,NCTPS Dadri-II,Rs/kWh,3.28,3.28,1.43,4.71
948ebec1-52eb-44d3-a97c-1761f8ad4c54,Station-wise Tariff Statement (Fixed Charge and Energy Charge) of Thermal Power Stations during 2021-22,2021-22,NTPC Generating Stations,Korba STPS-I&II,Rs/kWh,1.39,1.39,0.68,2.07
948ebec1-52eb-44d3-a97c-1761f8ad4c54,Station-wise Tariff Statement (Fixed Charge and Energy Charge) of Thermal Power Stations during 2021-22,2021-22,NTPC Generating Stations,Korba STPS-III,Rs/kWh,1.36,1.36,1.38,2.75
948ebec1-52eb-44d3-a97c-1761f8ad4c54,Station-wise Tariff Statement (Fixed Charge and Energy Charge) of Thermal Power Stations during 2021-22,2021-22,NTPC Generating Stations,Sipat STPS-I,Rs/kWh,1.39,1.39,1.3,2.69
948ebec1-52eb-44d3-a97c-1761f8ad4c54,Station-wise Tariff Statement (Fixed Charge and Energy Charge) of Thermal Power Stations during 2021-22,2021-22,NTPC Generating Stations,Sipat STPS-II,Rs/kWh,1.44,1.44,1.23,2.68
948ebec1-52eb-44d3-a97c-1761f8ad4c54,Station-wise Tariff Statement (Fixed Charge and Energy Charge) of Thermal Power Stations during 2021-22,2021-22,NTPC Generating Stations,Vindhyachal STPS-I,Rs/kWh,1.66,1.66,0.85,2.52
948ebec1-52eb-44d3-a97c-1761f8ad4c54,Station-wise Tariff Statement (Fixed Charge and Energy Charge) of Thermal Power Stations during 2021-22,2021-22,NTPC Generating Stations,Vindhyachal STPS-II,Rs/kWh,1.59,1.59,0.7,2.29
948ebec1-52eb-44d3-a97c-1761f8ad4c54,Station-wise Tariff Statement (Fixed Charge and Energy Charge) of Thermal Power Stations during 2021-22,2021-22,NTPC Generating Stations,Vindhyachal STPS-III,Rs/kWh,1.57,1.57,1.04,2.62
948ebec1-52eb-44d3-a97c-1761f8ad4c54,Station-wise Tariff Statement (Fixed Charge and Energy Charge) of Thermal Power Stations during 2021-22,2021-22,NTPC Generating Stations,Vindhyachal STPS-IV,Rs/kWh,1.56,1.56,1.56,3.12
948ebec1-52eb-44d3-a97c-1761f8ad4c54,Station-wise Tariff Statement (Fixed Charge and Energy Charge) of Thermal Power Stations during 2021-22,2021-22,NTPC Generating Stations,Vindhyachal STPS-V,Rs/kWh,1.6,1.6,1.67,3.27
948ebec1-52eb-44d3-a97c-1761f8ad4c54,Station-wise Tariff Statement (Fixed Charge and Energy Charge) of Thermal Power Stations during 2021-22,2021-22,NTPC Generating Stations,Lara,Rs/kWh,2.03,2.03,1.67,3.7
948ebec1-52eb-44d3-a97c-1761f8ad4c54,Station-wise Tariff Statement (Fixed Charge and Energy Charge) of Thermal Power Stations during 2021-22,2021-22,NTPC Generating Stations,Solapur,Rs/kWh,3.06,3.06,1.72,4.78
948ebec1-52eb-44d3-a97c-1761f8ad4c54,Station-wise Tariff Statement (Fixed Charge and Energy Charge) of Thermal Power Stations during 2021-22,2021-22,NTPC Generating Stations,Mouda STPS-I,Rs/kWh,2.71,2.71,1.87,4.59
948ebec1-52eb-44d3-a97c-1761f8ad4c54,Station-wise Tariff Statement (Fixed Charge and Energy Charge) of Thermal Power Stations during 2021-22,2021-22,NTPC Generating Stations,Mouda STPS-II,Rs/kWh,2.9,2.9,1.48,4.39
948ebec1-52eb-44d3-a97c-1761f8ad4c54,Station-wise Tariff Statement (Fixed Charge and Energy Charge) of Thermal Power Stations during 2021-22,2021-22,NTPC Generating Stations,Gadarwara,Rs/kWh,2.5,2.5,2.08,4.58
948ebec1-52eb-44d3-a97c-1761f8ad4c54,Station-wise Tariff Statement (Fixed Charge and Energy Charge) of Thermal Power Stations during 2021-22,2021-22,NTPC Generating Stations,Khargone,Rs/kWh,2.71,2.71,1.81,4.52
948ebec1-52eb-44d3-a97c-1761f8ad4c54,Station-wise Tariff Statement (Fixed Charge and Energy Charge) of Thermal Power Stations during 2021-22,2021-22,NTPC Generating Stations,Talcher STPS-I,Rs/kWh,2,2.0,0.96,2.95
948ebec1-52eb-44d3-a97c-1761f8ad4c54,Station-wise Tariff Statement (Fixed Charge and Energy Charge) of Thermal Power Stations during 2021-22,2021-22,NTPC Generating Stations,Talcher STPS-II,Rs/kWh,1.97,1.97,0.71,2.69
948ebec1-52eb-44d3-a97c-1761f8ad4c54,Station-wise Tariff Statement (Fixed Charge and Energy Charge) of Thermal Power Stations during 2021-22,2021-22,NTPC Generating Stations,Talcher TPS,Rs/kWh,1.87,1.87,1.44,3.31
948ebec1-52eb-44d3-a97c-1761f8ad4c54,Station-wise Tariff Statement (Fixed Charge and Energy Charge) of Thermal Power Stations during 2021-22,2021-22,NTPC Generating Stations,Darlipali,Rs/kWh,1.08,1.08,2.11,3.2
948ebec1-52eb-44d3-a97c-1761f8ad4c54,Station-wise Tariff Statement (Fixed Charge and Energy Charge) of Thermal Power Stations during 2021-22,2021-22,NTPC Generating Stations,Kahalgaon STPS-I,Rs/kWh,2.23,2.23,1.05,3.28
948ebec1-52eb-44d3-a97c-1761f8ad4c54,Station-wise Tariff Statement (Fixed Charge and Energy Charge) of Thermal Power Stations during 2021-22,2021-22,NTPC Generating Stations,Kahalgaon STPS-II,Rs/kWh,2.11,2.11,1.09,3.19
948ebec1-52eb-44d3-a97c-1761f8ad4c54,Station-wise Tariff Statement (Fixed Charge and Energy Charge) of Thermal Power Stations during 2021-22,2021-22,NTPC Generating Stations,Farakka STPS-I&II,Rs/kWh,2.7,2.7,0.82,3.52
948ebec1-52eb-44d3-a97c-1761f8ad4c54,Station-wise Tariff Statement (Fixed Charge and Energy Charge) of Thermal Power Stations during 2021-22,2021-22,NTPC Generating Stations,Farakka STPS-III,Rs/kWh,2.66,2.66,1.49,4.14
948ebec1-52eb-44d3-a97c-1761f8ad4c54,Station-wise Tariff Statement (Fixed Charge and Energy Charge) of Thermal Power Stations during 2021-22,2021-22,NTPC Generating Stations,Barh STPS-II,Rs/kWh,2.65,2.65,1.84,4.48
948ebec1-52eb-44d3-a97c-1761f8ad4c54,Station-wise Tariff Statement (Fixed Charge and Energy Charge) of Thermal Power Stations during 2021-22,2021-22,NTPC Generating Stations,Barauni-I,Rs/kWh,3.38,3.38,0.73,4.11
948ebec1-52eb-44d3-a97c-1761f8ad4c54,Station-wise Tariff Statement (Fixed Charge and Energy Charge) of Thermal Power Stations during 2021-22,2021-22,NTPC Generating Stations,Barauni-II,Rs/kWh,2.64,2.64,2.43,5.06
948ebec1-52eb-44d3-a97c-1761f8ad4c54,Station-wise Tariff Statement (Fixed Charge and Energy Charge) of Thermal Power Stations during 2021-22,2021-22,NTPC Generating Stations,Bongaigaon TPS,Rs/kWh,3.37,3.37,2.4,5.77
948ebec1-52eb-44d3-a97c-1761f8ad4c54,Station-wise Tariff Statement (Fixed Charge and Energy Charge) of Thermal Power Stations during 2021-22,2021-22,NTPC Generating Stations,Ramagundam STPS-I&II,Rs/kWh,2.4,2.4,0.73,3.13
948ebec1-52eb-44d3-a97c-1761f8ad4c54,Station-wise Tariff Statement (Fixed Charge and Energy Charge) of Thermal Power Stations during 2021-22,2021-22,NTPC Generating Stations,Ramagundam STPS-III,Rs/kWh,2.33,2.33,0.77,3.1
948ebec1-52eb-44d3-a97c-1761f8ad4c54,Station-wise Tariff Statement (Fixed Charge and Energy Charge) of Thermal Power Stations during 2021-22,2021-22,NTPC Generating Stations,Simhadri STPS-I,Rs/kWh,2.96,2.96,0.94,3.89
948ebec1-52eb-44d3-a97c-1761f8ad4c54,Station-wise Tariff Statement (Fixed Charge and Energy Charge) of Thermal Power Stations during 2021-22,2021-22,NTPC Generating Stations,Simhadri STPS-II,Rs/kWh,2.93,2.93,1.52,4.44
948ebec1-52eb-44d3-a97c-1761f8ad4c54,Station-wise Tariff Statement (Fixed Charge and Energy Charge) of Thermal Power Stations during 2021-22,2021-22,NTPC Generating Stations,Kudgi,Rs/kWh,3.15,3.15,1.66,4.81
948ebec1-52eb-44d3-a97c-1761f8ad4c54,Station-wise Tariff Statement (Fixed Charge and Energy Charge) of Thermal Power Stations during 2021-22,2021-22,NTPC Gas Stations,Faridabad,Rs/kWh,2.68,2.68,0.74,3.42
948ebec1-52eb-44d3-a97c-1761f8ad4c54,Station-wise Tariff Statement (Fixed Charge and Energy Charge) of Thermal Power Stations during 2021-22,2021-22,NTPC Gas Stations,Auraiya,Rs/kWh,3.51,3.51,0.63,4.15
948ebec1-52eb-44d3-a97c-1761f8ad4c54,Station-wise Tariff Statement (Fixed Charge and Energy Charge) of Thermal Power Stations during 2021-22,2021-22,NTPC Gas Stations,Dadri,Rs/kWh,3.13,3.13,0.58,3.71
948ebec1-52eb-44d3-a97c-1761f8ad4c54,Station-wise Tariff Statement (Fixed Charge and Energy Charge) of Thermal Power Stations during 2021-22,2021-22,NTPC Gas Stations,Anta,Rs/kWh,3.76,3.76,0.71,4.47
948ebec1-52eb-44d3-a97c-1761f8ad4c54,Station-wise Tariff Statement (Fixed Charge and Energy Charge) of Thermal Power Stations during 2021-22,2021-22,NTPC Gas Stations,Gandhar,Rs/kWh,2.13,2.13,1.06,3.18
948ebec1-52eb-44d3-a97c-1761f8ad4c54,Station-wise Tariff Statement (Fixed Charge and Energy Charge) of Thermal Power Stations during 2021-22,2021-22,NTPC Gas Stations,Kawas,Rs/kWh,2,2.0,0.84,2.83
948ebec1-52eb-44d3-a97c-1761f8ad4c54,Station-wise Tariff Statement (Fixed Charge and Energy Charge) of Thermal Power Stations during 2021-22,2021-22,NTPC Gas Stations,Kayamkulam,Rs/kWh,6.71,6.71,1.14,7.85
948ebec1-52eb-44d3-a97c-1761f8ad4c54,Station-wise Tariff Statement (Fixed Charge and Energy Charge) of Thermal Power Stations during 2021-22,2021-22,NTPC -JV Stations Tariff for 2021-22,"MUNPL, Meja",Rs/kWh,2.56,2.56,2.09,4.64
948ebec1-52eb-44d3-a97c-1761f8ad4c54,Station-wise Tariff Statement (Fixed Charge and Energy Charge) of Thermal Power Stations during 2021-22,2021-22,NTPC -JV Stations Tariff for 2021-23,"APCPL, Jhajjar",Rs/kWh,3.25,3.25,1.62,4.87
948ebec1-52eb-44d3-a97c-1761f8ad4c54,Station-wise Tariff Statement (Fixed Charge and Energy Charge) of Thermal Power Stations during 2021-22,2021-22,NTPC -JV Stations Tariff for 2021-24,"NTECL, Vellur",Rs/kWh,2.97,2.97,1.78,4.75
948ebec1-52eb-44d3-a97c-1761f8ad4c54,Station-wise Tariff Statement (Fixed Charge and Energy Charge) of Thermal Power Stations during 2021-22,2021-22,NTPC -JV Stations Tariff for 2021-25,"BRBCL, Nabinagar",Rs/kWh,2.31,2.31,2.37,4.68
948ebec1-52eb-44d3-a97c-1761f8ad4c54,Station-wise Tariff Statement (Fixed Charge and Energy Charge) of Thermal Power Stations during 2021-22,2021-22,NTPC -JV Stations Tariff for 2021-26,"NPGCL, Nabinagar",Rs/kWh,2.08,2.08,2.54,4.62
948ebec1-52eb-44d3-a97c-1761f8ad4c54,Station-wise Tariff Statement (Fixed Charge and Energy Charge) of Thermal Power Stations during 2021-22,2021-22,NTPC -JV Stations Tariff for 2021-27,"KBUNL, Kanti-I",Rs/kWh,3.08,3.08,1.1,4.18
948ebec1-52eb-44d3-a97c-1761f8ad4c54,Station-wise Tariff Statement (Fixed Charge and Energy Charge) of Thermal Power Stations during 2021-22,2021-22,NTPC -JV Stations Tariff for 2021-28,"KBUNL, Kanti-II",Rs/kWh,2.64,2.64,2.74,5.38
948ebec1-52eb-44d3-a97c-1761f8ad4c54,Station-wise Tariff Statement (Fixed Charge and Energy Charge) of Thermal Power Stations during 2021-22,2021-22,Maithon Power Limited,Maithon Power Limited,Rs/kWh,2.54,2.54,1.42,3.96
97d10fda-6480-4895-8754-2e041021f848,Station-wise Tariff Rates of Central Power Generating Stations Supplying Power to Bihar Discoms during 2021-22,2021-22,Central->Bihar,Talcher STPS-I,Rs/kWh,2,2.0,0.96,2.95
97d10fda-6480-4895-8754-2e041021f848,Station-wise Tariff Rates of Central Power Generating Stations Supplying Power to Bihar Discoms during 2021-22,2021-22,Central->Bihar,Darlipali,Rs/kWh,1.08,1.08,2.11,3.2
97d10fda-6480-4895-8754-2e041021f848,Station-wise Tariff Rates of Central Power Generating Stations Supplying Power to Bihar Discoms during 2021-22,2021-22,Central->Bihar,Kahalgaon STPS-I,Rs/kWh,2.23,2.23,1.05,3.28
97d10fda-6480-4895-8754-2e041021f848,Station-wise Tariff Rates of Central Power Generating Stations Supplying Power to Bihar Discoms during 2021-22,2021-22,Central->Bihar,Farakka STPS-I&II,Rs/kWh,2.7,2.7,0.82,3.52
97d10fda-6480-4895-8754-2e041021f848,Station-wise Tariff Rates of Central Power Generating Stations Supplying Power to Bihar Discoms during 2021-22,2021-22,Central->Bihar,Farakka STPS-III,Rs/kWh,2.66,2.66,1.49,4.14
97d10fda-6480-4895-8754-2e041021f848,Station-wise Tariff Rates of Central Power Generating Stations Supplying Power to Bihar Discoms during 2021-22,2021-22,Central->Bihar,Barh STPS-II,Rs/kWh,2.65,2.65,1.84,4.48
97d10fda-6480-4895-8754-2e041021f848,Station-wise Tariff Rates of Central Power Generating Stations Supplying Power to Bihar Discoms during 2021-22,2021-22,Central->Bihar,Barauni-I,Rs/kWh,3.38,3.38,0.73,4.11
97d10fda-6480-4895-8754-2e041021f848,Station-wise Tariff Rates of Central Power Generating Stations Supplying Power to Bihar Discoms during 2021-22,2021-22,Central->Bihar,Barauni-II,Rs/kWh,2.64,2.64,2.43,5.06
97d10fda-6480-4895-8754-2e041021f848,Station-wise Tariff Rates of Central Power Generating Stations Supplying Power to Bihar Discoms during 2021-22,2021-22,Central->Bihar,"BRBCL, Nabinagar",Rs/kWh,2.31,2.31,2.37,4.68
97d10fda-6480-4895-8754-2e041021f848,Station-wise Tariff Rates of Central Power Generating Stations Supplying Power to Bihar Discoms during 2021-22,2021-22,Central->Bihar,"NPGCL, Nabinagar",Rs/kWh,2.08,2.08,2.54,4.62
97d10fda-6480-4895-8754-2e041021f848,Station-wise Tariff Rates of Central Power Generating Stations Supplying Power to Bihar Discoms during 2021-22,2021-22,Central->Bihar,"KBUNL, Kanti-II",Rs/kWh,2.64,2.64,2.74,5.38
